INFO: 2025-09-12 21:44:52,201: main() 'Using profile folder /home/ted/.config/variety/'
INFO: 2025-09-12 21:44:52,202: perform_upgrade() 'Last run version was 0.8.13 or earlier, current version is 0.8.13'
INFO: 2025-09-12 21:44:52,204: process_command() 'Received command: []'
INFO: 2025-09-12 21:44:52,205: start() 'Using data_path /usr/share/variety'
INFO: 2025-09-12 21:44:52,205: load() 'Jumble loading'
INFO: 2025-09-12 21:44:52,205: _walk_modules() 'Jumble loading module in __init__ from /usr/lib/python3.13/site-packages/variety/plugins/builtin/__init__.py'
INFO: 2025-09-12 21:44:52,205: _walk_modules() 'Jumble loading module in UnsplashConfigurableSource from /usr/lib/python3.13/site-packages/variety/plugins/builtin/downloaders/UnsplashConfigurableSource.py'
INFO: 2025-09-12 21:44:52,206: load() 'Jumble found plugin class: <class 'UnsplashConfigurableSource.UnsplashConfigurableSource'>: {'name': 'UnsplashConfigurableSource', 'description': 'Configurable source for fetching photos from Unsplash.com', 'author': 'Peter Levi', 'version': '0.1'}'
INFO: 2025-09-12 21:44:52,206: _walk_modules() 'Jumble loading module in APODDownloader from /usr/lib/python3.13/site-packages/variety/plugins/builtin/downloaders/APODDownloader.py'
INFO: 2025-09-12 21:44:52,207: load() 'Jumble found plugin class: <class 'APODDownloader.APODDownloader'>: {'name': 'APODDownloader', 'description': 'NASA Astro Pic of the Day', 'author': 'Peter Levi', 'version': '0.1'}'
INFO: 2025-09-12 21:44:52,207: _walk_modules() 'Jumble loading module in WallhavenDownloader from /usr/lib/python3.13/site-packages/variety/plugins/builtin/downloaders/WallhavenDownloader.py'
INFO: 2025-09-12 21:44:52,207: _walk_modules() 'Jumble loading module in NationalGeographicDownloader from /usr/lib/python3.13/site-packages/variety/plugins/builtin/downloaders/NationalGeographicDownloader.py'
INFO: 2025-09-12 21:44:52,208: load() 'Jumble found plugin class: <class 'NationalGeographicDownloader.NationalGeographicDownloader'>: {'name': 'NationalGeographicDownloader', 'description': "National Geographic's photo of the day", 'author': 'Eric Rösch', 'version': '0.1'}'
INFO: 2025-09-12 21:44:52,208: _walk_modules() 'Jumble loading module in BingDownloader from /usr/lib/python3.13/site-packages/variety/plugins/builtin/downloaders/BingDownloader.py'
INFO: 2025-09-12 21:44:52,208: load() 'Jumble found plugin class: <class 'BingDownloader.BingDownloader'>: {'name': 'BingDownloader', 'description': 'Bing Photo of the Day', 'author': 'Peter Levi', 'version': '0.1'}'
INFO: 2025-09-12 21:44:52,208: _walk_modules() 'Jumble loading module in MediaRSSSource from /usr/lib/python3.13/site-packages/variety/plugins/builtin/downloaders/MediaRSSSource.py'
INFO: 2025-09-12 21:44:52,209: load() 'Jumble found plugin class: <class 'MediaRSSSource.MediaRSSSource'>: {'name': 'MediaRSSSource', 'description': 'Configurable source for fetching images from MediaRSS feeds', 'author': 'Peter Levi', 'version': '0.1'}'
INFO: 2025-09-12 21:44:52,209: _walk_modules() 'Jumble loading module in RedditDownloader from /usr/lib/python3.13/site-packages/variety/plugins/builtin/downloaders/RedditDownloader.py'
INFO: 2025-09-12 21:44:52,209: _walk_modules() 'Jumble loading module in EarthviewDownloader from /usr/lib/python3.13/site-packages/variety/plugins/builtin/downloaders/EarthviewDownloader.py'
INFO: 2025-09-12 21:44:52,209: load() 'Jumble found plugin class: <class 'EarthviewDownloader.EarthviewDownloader'>: {'name': 'EarthviewDownloader', 'description': 'Google Earth View Wallpapers', 'author': 'Peter Levi', 'version': '0.1'}'
INFO: 2025-09-12 21:44:52,209: _walk_modules() 'Jumble loading module in MediaRSSDownloader from /usr/lib/python3.13/site-packages/variety/plugins/builtin/downloaders/MediaRSSDownloader.py'
INFO: 2025-09-12 21:44:52,210: _walk_modules() 'Jumble loading module in ArtStationSource from /usr/lib/python3.13/site-packages/variety/plugins/builtin/downloaders/ArtStationSource.py'
INFO: 2025-09-12 21:44:52,210: load() 'Jumble found plugin class: <class 'ArtStationSource.ArtStationSource'>: {'name': 'ArtStationSource', 'description': 'Configurable source for fetching images from ArtStation', 'author': 'Denis Gordeev', 'version': '0.1'}'
INFO: 2025-09-12 21:44:52,210: _walk_modules() 'Jumble loading module in UnsplashDownloader from /usr/lib/python3.13/site-packages/variety/plugins/builtin/downloaders/UnsplashDownloader.py'
INFO: 2025-09-12 21:44:52,210: load() 'Jumble found plugin class: <class 'UnsplashDownloader.UnsplashDownloader'>: {'name': 'UnsplashDownloader', 'description': 'High-resolution photos from Unsplash.com', 'author': 'Peter Levi', 'version': '0.1'}'
INFO: 2025-09-12 21:44:52,210: _walk_modules() 'Jumble loading module in WallhavenSource from /usr/lib/python3.13/site-packages/variety/plugins/builtin/downloaders/WallhavenSource.py'
INFO: 2025-09-12 21:44:52,211: load() 'Jumble found plugin class: <class 'WallhavenSource.WallhavenSource'>: {'name': 'WallhavenSource', 'description': 'Configurable source for fetching images from Wallhaven.cc', 'author': 'Peter Levi', 'version': '0.1'}'
INFO: 2025-09-12 21:44:52,211: _walk_modules() 'Jumble loading module in RedditSource from /usr/lib/python3.13/site-packages/variety/plugins/builtin/downloaders/RedditSource.py'
INFO: 2025-09-12 21:44:52,211: load() 'Jumble found plugin class: <class 'RedditSource.RedditSource'>: {'name': 'RedditSource', 'description': 'Configurable source for fetching images from Reddit', 'author': 'Peter Levi', 'version': '0.1'}'
INFO: 2025-09-12 21:44:52,211: _walk_modules() 'Jumble loading module in ArtStationDownloader from /usr/lib/python3.13/site-packages/variety/plugins/builtin/downloaders/ArtStationDownloader.py'
INFO: 2025-09-12 21:44:52,212: _walk_modules() 'Jumble loading module in __init__ from /usr/lib/python3.13/site-packages/variety/plugins/builtin/downloaders/__init__.py'
INFO: 2025-09-12 21:44:52,212: _walk_modules() 'Jumble loading module in WallhavenLegacyDownloader from /usr/lib/python3.13/site-packages/variety/plugins/builtin/downloaders/WallhavenLegacyDownloader.py'
INFO: 2025-09-12 21:44:52,212: _walk_modules() 'Jumble loading module in ResizingDisplayModesPlugin from /usr/lib/python3.13/site-packages/variety/plugins/builtin/display_modes/ResizingDisplayModesPlugin.py'
INFO: 2025-09-12 21:44:52,212: load() 'Jumble found plugin class: <class 'ResizingDisplayModesPlugin.ResizingDisplayModesPlugin'>: {'name': 'ResizingDisplayModesPlugin', 'description': 'Display modes that use image resizing within Variety', 'version': '1.0', 'author': 'Peter Levi'}'
INFO: 2025-09-12 21:44:52,212: _walk_modules() 'Jumble loading module in LegacyDisplayModesPlugin from /usr/lib/python3.13/site-packages/variety/plugins/builtin/display_modes/LegacyDisplayModesPlugin.py'
INFO: 2025-09-12 21:44:52,213: load() 'Jumble found plugin class: <class 'LegacyDisplayModesPlugin.LegacyDisplayModesPlugin'>: {'name': 'LegacyDisplayModesPlugin', 'description': 'Legacy display mode for compatibility with past Variety versions', 'version': '1.0', 'author': 'Peter Levi'}'
INFO: 2025-09-12 21:44:52,213: _walk_modules() 'Jumble loading module in __init__ from /usr/lib/python3.13/site-packages/variety/plugins/builtin/display_modes/__init__.py'
INFO: 2025-09-12 21:44:52,213: _walk_modules() 'Jumble loading module in GnomeDisplayModesPlugin from /usr/lib/python3.13/site-packages/variety/plugins/builtin/display_modes/GnomeDisplayModesPlugin.py'
INFO: 2025-09-12 21:44:52,213: load() 'Jumble found plugin class: <class 'GnomeDisplayModesPlugin.GnomeDisplayModesPlugin'>: {'name': 'GnomeDisplayModesPlugin', 'description': 'Display modes relying on the underlying desktop environment', 'version': '1.0', 'author': 'Peter Levi'}'
INFO: 2025-09-12 21:44:52,213: _walk_modules() 'Jumble loading module in GoodreadsSource from /usr/lib/python3.13/site-packages/variety/plugins/builtin/quotes/GoodreadsSource.py'
INFO: 2025-09-12 21:44:52,231: load() 'Jumble found plugin class: <class 'GoodreadsSource.GoodreadsSource'>: {'name': 'Goodreads', 'description': 'Fetches quotes from Goodreads.com', 'author': 'Peter Levi', 'version': '0.1'}'
INFO: 2025-09-12 21:44:52,231: _walk_modules() 'Jumble loading module in UrbanDictionarySource from /usr/lib/python3.13/site-packages/variety/plugins/builtin/quotes/UrbanDictionarySource.py'
INFO: 2025-09-12 21:44:52,231: load() 'Jumble found plugin class: <class 'UrbanDictionarySource.UrbanDictionarySource'>: {'name': 'Urban Dictionary', 'description': 'Displays definitions from Urban Dictionary', 'author': 'James Miller', 'version': '0.1'}'
INFO: 2025-09-12 21:44:52,231: _walk_modules() 'Jumble loading module in LocalFilesSource from /usr/lib/python3.13/site-packages/variety/plugins/builtin/quotes/LocalFilesSource.py'
INFO: 2025-09-12 21:44:52,232: load() 'Jumble found plugin class: <class 'LocalFilesSource.LocalFilesSource'>: {'name': 'Local text files', 'description': 'Displays quotes, defined in local text files.\nPut your own txt files in: ~/.config/variety/pluginconfig/quotes/.\nThe file format is:\n\nquote -- author\n.\nsecond quote -- another author\n.\netc...\n\nExample: http://rvelthuis.de/zips/quotes.txt', 'author': 'Peter Levi', 'version': '0.1'}'
INFO: 2025-09-12 21:44:52,232: _walk_modules() 'Jumble loading module in FortuneSource from /usr/lib/python3.13/site-packages/variety/plugins/builtin/quotes/FortuneSource.py'
INFO: 2025-09-12 21:44:52,232: load() 'Jumble found plugin class: <class 'FortuneSource.FortuneSource'>: {'name': 'UNIX fortune program', 'description': 'Displays quotes using the UNIX fortune program. You may want to install additional fortune packs, e.g. fortunes-bofh-excuses.', 'author': 'Dan Jones', 'version': '0.1'}'
INFO: 2025-09-12 21:44:52,232: _walk_modules() 'Jumble loading module in __init__ from /usr/lib/python3.13/site-packages/variety/plugins/builtin/quotes/__init__.py'
INFO: 2025-09-12 21:44:52,232: _walk_modules() 'Jumble loading module in QuotationsPageSource from /usr/lib/python3.13/site-packages/variety/plugins/builtin/quotes/QuotationsPageSource.py'
INFO: 2025-09-12 21:44:52,233: load() 'Jumble found plugin class: <class 'QuotationsPageSource.QuotationsPageSource'>: {'name': 'TheQuotationsPage.com', 'description': 'Fetches quotes from TheQuotationsPage.com', 'author': 'Peter Levi', 'version': '0.1'}'
WARNING: 2025-09-12 21:44:52,234: load_history() 'Could not load history file, continuing without it, no worries'
INFO: 2025-09-12 21:44:52,241: reload_config() 'Creating new downloader for type flickr, location user:www.flickr.com/photos/peter-levi/;user_id:93647178@N00;'
INFO: 2025-09-12 21:44:52,242: log_options() 'Loaded options:'
INFO: 2025-09-12 21:44:52,242: log_options() 'change_enabled = True'
INFO: 2025-09-12 21:44:52,242: log_options() 'change_interval = 300'
INFO: 2025-09-12 21:44:52,242: log_options() 'change_on_start = False'
INFO: 2025-09-12 21:44:52,242: log_options() 'clipboard_enabled = False'
INFO: 2025-09-12 21:44:52,242: log_options() 'clipboard_hosts = ['wallhaven.cc', 'wallpapers.net', 'flickr.com', 'imgur.com', 'deviantart.com', 'interfacelift.com', 'vladstudio.com', 'imageshack.us', 'deviantart.net', 'imageshack.com']'
INFO: 2025-09-12 21:44:52,242: log_options() 'clipboard_use_whitelist = True'
INFO: 2025-09-12 21:44:52,242: log_options() 'clock_date_font = Serif 30'
INFO: 2025-09-12 21:44:52,242: log_options() 'clock_enabled = False'
INFO: 2025-09-12 21:44:52,242: log_options() 'clock_filter = -density 100 -font `fc-match -f '%{file[0]}' '%CLOCK_FONT_NAME'` -pointsize %CLOCK_FONT_SIZE -gravity SouthEast -fill '#00000044' -annotate 0x0+[%HOFFSET+58]+[%VOFFSET+108] '%H:%M' -fill white -annotate 0x0+[%HOFFSET+60]+[%VOFFSET+110] '%H:%M' -font `fc-match -f '%{file[0]}' '%DATE_FONT_NAME'` -pointsize %DATE_FONT_SIZE -fill '#00000044' -annotate 0x0+[%HOFFSET+58]+[%VOFFSET+58] '%A, %B %d' -fill white -annotate 0x0+[%HOFFSET+60]+[%VOFFSET+60] '%A, %B %d''
INFO: 2025-09-12 21:44:52,242: log_options() 'clock_font = Serif 70'
INFO: 2025-09-12 21:44:52,242: log_options() 'configfile = /home/ted/.config/variety/variety.conf'
INFO: 2025-09-12 21:44:52,242: log_options() 'copyto_enabled = False'
INFO: 2025-09-12 21:44:52,242: log_options() 'copyto_folder = Default'
INFO: 2025-09-12 21:44:52,242: log_options() 'desired_color = None'
INFO: 2025-09-12 21:44:52,242: log_options() 'desired_color_enabled = False'
INFO: 2025-09-12 21:44:52,242: log_options() 'download_folder = /home/ted/.config/variety/Downloaded'
INFO: 2025-09-12 21:44:52,242: log_options() 'download_preference_ratio = 0.9'
INFO: 2025-09-12 21:44:52,242: log_options() 'favorites_folder = /home/ted/.config/variety/Favorites'
INFO: 2025-09-12 21:44:52,242: log_options() 'favorites_operations = [['Downloaded', 'Copy'], ['Fetched', 'Move'], ['Others', 'Copy']]'
INFO: 2025-09-12 21:44:52,242: log_options() 'fetched_folder = /home/ted/.config/variety/Fetched'
INFO: 2025-09-12 21:44:52,242: log_options() 'filters = [[False, 'Keep original', ''], [False, 'Grayscale', '-type Grayscale'], [False, 'Heavy blur', '-scale 20% -blur 0x10 -resize 500%'], [False, 'Soft blur', '-scale 20% -blur 0x2 -resize 500%'], [False, 'Oil painting', '-paint 8'], [False, 'Pointilism', '-spread 10 -noise 3'], [False, 'Pixellate', '-scale 3% -scale 3333%']]'
INFO: 2025-09-12 21:44:52,242: log_options() 'get_wallpaper_script = /home/ted/.config/variety/scripts/get_wallpaper'
INFO: 2025-09-12 21:44:52,242: log_options() 'icon = Light'
INFO: 2025-09-12 21:44:52,242: log_options() 'internet_enabled = True'
INFO: 2025-09-12 21:44:52,242: log_options() 'lightness_enabled = False'
INFO: 2025-09-12 21:44:52,242: log_options() 'lightness_mode = 0'
INFO: 2025-09-12 21:44:52,242: log_options() 'min_rating = 4'
INFO: 2025-09-12 21:44:52,242: log_options() 'min_rating_enabled = False'
INFO: 2025-09-12 21:44:52,242: log_options() 'min_size = 80'
INFO: 2025-09-12 21:44:52,242: log_options() 'min_size_enabled = False'
INFO: 2025-09-12 21:44:52,242: log_options() 'name_regex = .*'
INFO: 2025-09-12 21:44:52,242: log_options() 'name_regex_enabled = False'
INFO: 2025-09-12 21:44:52,242: log_options() 'quota_enabled = True'
INFO: 2025-09-12 21:44:52,242: log_options() 'quota_size = 1000'
INFO: 2025-09-12 21:44:52,242: log_options() 'quotes_authors = '
INFO: 2025-09-12 21:44:52,242: log_options() 'quotes_bg_color = [80, 80, 80]'
INFO: 2025-09-12 21:44:52,242: log_options() 'quotes_bg_opacity = 55'
INFO: 2025-09-12 21:44:52,242: log_options() 'quotes_change_enabled = False'
INFO: 2025-09-12 21:44:52,242: log_options() 'quotes_change_interval = 300'
INFO: 2025-09-12 21:44:52,242: log_options() 'quotes_disabled_sources = ['Urban Dictionary']'
INFO: 2025-09-12 21:44:52,242: log_options() 'quotes_enabled = False'
INFO: 2025-09-12 21:44:52,242: log_options() 'quotes_favorites_file = /home/ted/.config/variety/favorite_quotes.txt'
INFO: 2025-09-12 21:44:52,242: log_options() 'quotes_font = Serif 30'
INFO: 2025-09-12 21:44:52,242: log_options() 'quotes_hpos = 100'
INFO: 2025-09-12 21:44:52,242: log_options() 'quotes_max_length = 250'
INFO: 2025-09-12 21:44:52,242: log_options() 'quotes_tags = '
INFO: 2025-09-12 21:44:52,242: log_options() 'quotes_text_color = [255, 255, 255]'
INFO: 2025-09-12 21:44:52,242: log_options() 'quotes_text_shadow = False'
INFO: 2025-09-12 21:44:52,243: log_options() 'quotes_vpos = 40'
INFO: 2025-09-12 21:44:52,243: log_options() 'quotes_width = 70'
INFO: 2025-09-12 21:44:52,243: log_options() 'safe_mode = False'
INFO: 2025-09-12 21:44:52,243: log_options() 'set_wallpaper_script = /home/ted/.config/variety/scripts/set_wallpaper'
INFO: 2025-09-12 21:44:52,243: log_options() 'slideshow_custom_enabled = False'
INFO: 2025-09-12 21:44:52,243: log_options() 'slideshow_custom_folder = /home/ted/Pictures'
INFO: 2025-09-12 21:44:52,243: log_options() 'slideshow_downloads_enabled = False'
INFO: 2025-09-12 21:44:52,243: log_options() 'slideshow_fade = 0.4'
INFO: 2025-09-12 21:44:52,243: log_options() 'slideshow_favorites_enabled = True'
INFO: 2025-09-12 21:44:52,243: log_options() 'slideshow_mode = Fullscreen'
INFO: 2025-09-12 21:44:52,243: log_options() 'slideshow_monitor = All'
INFO: 2025-09-12 21:44:52,243: log_options() 'slideshow_pan = 0.05'
INFO: 2025-09-12 21:44:52,243: log_options() 'slideshow_seconds = 6.0'
INFO: 2025-09-12 21:44:52,243: log_options() 'slideshow_sort_order = Random'
INFO: 2025-09-12 21:44:52,243: log_options() 'slideshow_sources_enabled = True'
INFO: 2025-09-12 21:44:52,243: log_options() 'slideshow_zoom = 0.2'
INFO: 2025-09-12 21:44:52,243: log_options() 'smart_enabled = False'
INFO: 2025-09-12 21:44:52,243: log_options() 'smart_notice_shown = False'
INFO: 2025-09-12 21:44:52,243: log_options() 'smart_register_shown = False'
INFO: 2025-09-12 21:44:52,243: log_options() 'sources = [[True, 'favorites', 'The Favorites folder'], [True, 'fetched', 'The Fetched folder'], [True, 'folder', '/usr/share/backgrounds'], [True, 'flickr', 'user:www.flickr.com/photos/peter-levi/;user_id:93647178@N00;'], [False, 'apod', 'NASA Astro Pic of the Day'], [False, 'bing', 'Bing Photo of the Day'], [False, 'earthview', 'Google Earth View Wallpapers'], [False, 'natgeo', "National Geographic's photo of the day"], [False, 'unsplash', 'High-resolution photos from Unsplash.com']]'
INFO: 2025-09-12 21:44:52,243: log_options() 'stats_enabled = True'
INFO: 2025-09-12 21:44:52,243: log_options() 'stats_notice_shown = False'
INFO: 2025-09-12 21:44:52,243: log_options() 'sync_enabled = True'
INFO: 2025-09-12 21:44:52,243: log_options() 'use_landscape_enabled = True'
INFO: 2025-09-12 21:44:52,243: log_options() 'wallhaven_api_key = '
INFO: 2025-09-12 21:44:52,243: log_options() 'wallpaper_auto_rotate = False'
INFO: 2025-09-12 21:44:52,243: log_options() 'wallpaper_display_mode = os'
INFO: 2025-09-12 21:44:52,243: reload_config() 'No need to clear prepared queue'
INFO: 2025-09-12 21:44:52,243: update_indicator() 'Setting file info to: /usr/share/backgrounds/gnome/adwaita-l.jpg'
INFO: 2025-09-12 21:44:52,244: load_banned() 'Missing or invalid banned URLs list, no URLs will be banned'
INFO: 2025-09-12 21:44:52,244: load_last_change_time() 'Change interval < 6 hours, ignore persisted last_change_time, wait initially the whole interval: 300'
INFO: 2025-09-12 21:44:52,244: update_indicator() 'Setting file info to: /usr/share/backgrounds/gnome/adwaita-l.jpg'
INFO: 2025-09-12 21:44:52,244: regular_change_thread() 'regular_change thread running'
INFO: 2025-09-12 21:44:52,244: prepare_thread() 'Prepare thread running'
INFO: 2025-09-12 21:44:52,244: prepare_thread() 'Prepared buffer contains 0 images'
INFO: 2025-09-12 21:44:52,244: prepare_thread() 'Preparing some images'
INFO: 2025-09-12 21:44:52,244: get_throttling() 'Flickr: parsing serverside options'
INFO: 2025-09-12 21:44:52,245: get_throttling() 'Could not parse Flickr serverside options, using defaults 120, 20'
INFO: 2025-09-12 21:44:52,245: get_throttling() 'Flickr: parsing serverside options'
INFO: 2025-09-12 21:44:52,245: get_throttling() 'Could not parse Flickr serverside options, using defaults 120, 20'
INFO: 2025-09-12 21:44:52,245: download_one() 'Flickr: Downloading an image, config: user:www.flickr.com/photos/peter-levi/;user_id:93647178@N00;'
INFO: 2025-09-12 21:44:52,245: download_one() 'Flickr: Queue size: 0'
INFO: 2025-09-12 21:44:52,245: get_throttling() 'Flickr: parsing serverside options'
INFO: 2025-09-12 21:44:52,245: get_throttling() 'Could not parse Flickr serverside options, using defaults 120, 20'
INFO: 2025-09-12 21:44:52,245: download_one() 'Flickr: Filling queue'
INFO: 2025-09-12 21:44:52,245: fetch() 'Making flickr API call: https://api.flickr.com/services/rest/?method=flickr.photos.search&api_key=0553a848c09bcfd21d3a984d9408c04e&per_page=500&tag_mode=all&format=json&nojsoncallback=1&user_id=93647178@N00'
INFO: 2025-09-12 21:44:52,245: trigger_download() 'Triggering download thread to check if download needed and possible'
INFO: 2025-09-12 21:44:52,245: prepare_thread() 'After search prepared buffer contains 0 images'
INFO: 2025-09-12 21:44:52,248: update_indicator_icon() 'Creating indicator'
WARNING: 2025-09-12 21:44:52,263: create_menu() 'Variety Slideshow is not installed. This is an optional extension adding pan-and-zoom slideshows to Variety: see https://github.com/peterlevi/variety-slideshow for details'
INFO: 2025-09-12 21:44:52,263: create_indicator() 'indicator backend: fallback tray'
INFO: 2025-09-12 21:44:52,266: set_from_theme_icon() 'Showing status icon variety-indicator from GTK theme'
ERROR: 2025-09-12 21:44:52,335: download_one_from() 'Could not download wallpaper:'
Traceback (most recent call last):
  File "/usr/lib/python3.13/site-packages/variety/VarietyWindow.py", line 1166, in download_one_from
    file = downloader.download_one()
  File "/usr/lib/python3.13/site-packages/variety/plugins/downloaders/DefaultDownloader.py", line 141, in download_one
    items = self.fill_queue()
  File "/usr/lib/python3.13/site-packages/variety/FlickrDownloader.py", line 161, in fill_queue
    resp = FlickrDownloader.fetch(call)
  File "/usr/lib/python3.13/site-packages/variety/FlickrDownloader.py", line 74, in fetch
    return Util.fetch_json(call)
           ~~~~~~~~~~~~~~~^^^^^^
  File "/usr/lib/python3.13/site-packages/variety/Util.py", line 684, in fetch_json
    return Util.request(url, data, **request_kwargs).json()
           ~~~~~~~~~~~~^^^^^^^^^^^^^^^^^^^^^^^^^^^^^
  File "/usr/lib/python3.13/site-packages/variety/Util.py", line 663, in request
    r.raise_for_status()
    ~~~~~~~~~~~~~~~~~~^^
  File "/usr/lib/python3.13/site-packages/requests/models.py", line 1026, in raise_for_status
    raise HTTPError(http_error_msg, response=self)
requests.exceptions.HTTPError: 429 Client Error: Too Many Requests for url: https://api.flickr.com/services/rest/?method=flickr.photos.search&api_key=0553a848c09bcfd21d3a984d9408c04e&per_page=500&tag_mode=all&format=json&nojsoncallback=1&user_id=93647178@N00
INFO: 2025-09-12 21:44:52,344: do_set_wp() 'Calling do_set_wp with /usr/share/backgrounds/gnome/adwaita-l.jpg, time: 1757735092.3443673'
INFO: 2025-09-12 21:44:52,344: do_set_wp() 'Missing file or bad permissions, will not use it: /usr/share/backgrounds/gnome/adwaita-l.jpg'
INFO: 2025-09-12 21:44:53,457: reload() 'Reloading preferences dialog'
INFO: 2025-09-12 21:44:54,246: trigger_download() 'Triggering download thread to check if download needed and possible'
INFO: 2025-09-12 21:45:12,245: server_options_thread() 'Fetching server options from https://gist.githubusercontent.com/peterlevi/a7d1dbf3a4e76e15760a/raw/fab10d0ce5cfe66377e7c650be56edb497aabbd4/variety_server_options.json'
INFO: 2025-09-12 21:45:12,372: server_options_thread() 'Fetched server options: {'flickr': {'min_fill_queue_interval': 1200, 'min_download_interval': 1200}, 'wallbase': {'min_fill_queue_interval': 1800, 'min_download_interval': 1800}, 'wallhaven': {'min_fill_queue_interval': 1800, 'min_download_interval': 1800}, 'wallpapers.net': {'min_fill_queue_interval': 601, 'min_download_interval': 0}, 'unsplash': {'min_fill_queue_interval': 20000000000, 'min_download_interval': 20000000000}, 'unsplash_v2': {'min_fill_queue_interval': 3600, 'min_download_interval': 1800}, 'status_message': {'0.0.1': '', '*': ''}}'
INFO: 2025-09-12 21:47:54,246: get_throttling() 'Flickr: parsing serverside options'
INFO: 2025-09-12 21:47:54,246: get_throttling() 'Flickr serverside options: {'min_fill_queue_interval': 1200, 'min_download_interval': 1200}'
INFO: 2025-09-12 21:47:54,246: get_throttling() 'Flickr: parsing serverside options'
INFO: 2025-09-12 21:47:54,246: get_throttling() 'Flickr serverside options: {'min_fill_queue_interval': 1200, 'min_download_interval': 1200}'
INFO: 2025-09-12 21:47:54,246: download_one() 'Flickr: Downloading an image, config: user:www.flickr.com/photos/peter-levi/;user_id:93647178@N00;'
INFO: 2025-09-12 21:47:54,246: download_one() 'Flickr: Queue size: 0'
INFO: 2025-09-12 21:47:54,246: get_throttling() 'Flickr: parsing serverside options'
INFO: 2025-09-12 21:47:54,246: get_throttling() 'Flickr serverside options: {'min_fill_queue_interval': 1200, 'min_download_interval': 1200}'
INFO: 2025-09-12 21:47:54,246: download_one() 'Flickr: Filling queue'
INFO: 2025-09-12 21:47:54,247: fetch() 'Making flickr API call: https://api.flickr.com/services/rest/?method=flickr.photos.search&api_key=0553a848c09bcfd21d3a984d9408c04e&per_page=500&tag_mode=all&format=json&nojsoncallback=1&user_id=93647178@N00'
ERROR: 2025-09-12 21:47:54,347: download_one_from() 'Could not download wallpaper:'
Traceback (most recent call last):
  File "/usr/lib/python3.13/site-packages/variety/VarietyWindow.py", line 1166, in download_one_from
    file = downloader.download_one()
  File "/usr/lib/python3.13/site-packages/variety/plugins/downloaders/DefaultDownloader.py", line 141, in download_one
    items = self.fill_queue()
  File "/usr/lib/python3.13/site-packages/variety/FlickrDownloader.py", line 161, in fill_queue
    resp = FlickrDownloader.fetch(call)
  File "/usr/lib/python3.13/site-packages/variety/FlickrDownloader.py", line 74, in fetch
    return Util.fetch_json(call)
           ~~~~~~~~~~~~~~~^^^^^^
  File "/usr/lib/python3.13/site-packages/variety/Util.py", line 684, in fetch_json
    return Util.request(url, data, **request_kwargs).json()
           ~~~~~~~~~~~~^^^^^^^^^^^^^^^^^^^^^^^^^^^^^
  File "/usr/lib/python3.13/site-packages/variety/Util.py", line 663, in request
    r.raise_for_status()
    ~~~~~~~~~~~~~~~~~~^^
  File "/usr/lib/python3.13/site-packages/requests/models.py", line 1026, in raise_for_status
    raise HTTPError(http_error_msg, response=self)
requests.exceptions.HTTPError: 429 Client Error: Too Many Requests for url: https://api.flickr.com/services/rest/?method=flickr.photos.search&api_key=0553a848c09bcfd21d3a984d9408c04e&per_page=500&tag_mode=all&format=json&nojsoncallback=1&user_id=93647178@N00
INFO: 2025-09-12 21:49:52,244: regular_change_thread() 'regular_change changes wallpaper'
INFO: 2025-09-12 21:49:52,244: change_wallpaper() 'No images yet in prepared buffer, using some random image'
INFO: 2025-09-12 21:49:52,255: prepare_thread() 'Prepared buffer contains 0 images'
INFO: 2025-09-12 21:49:52,255: prepare_thread() 'Preparing some images'
INFO: 2025-09-12 21:49:52,256: change_wallpaper() 'No images found'
INFO: 2025-09-12 21:49:52,256: trigger_download() 'Triggering download thread to check if download needed and possible'
INFO: 2025-09-12 21:49:52,256: prepare_thread() 'After search prepared buffer contains 0 images'
INFO: 2025-09-12 21:49:52,256: get_throttling() 'Flickr: parsing serverside options'
INFO: 2025-09-12 21:49:52,256: get_throttling() 'Flickr serverside options: {'min_fill_queue_interval': 1200, 'min_download_interval': 1200}'
INFO: 2025-09-12 21:49:52,256: get_throttling() 'Flickr: parsing serverside options'
INFO: 2025-09-12 21:49:52,256: get_throttling() 'Flickr serverside options: {'min_fill_queue_interval': 1200, 'min_download_interval': 1200}'
INFO: 2025-09-12 21:49:52,256: download_one() 'Flickr: Downloading an image, config: user:www.flickr.com/photos/peter-levi/;user_id:93647178@N00;'
INFO: 2025-09-12 21:49:52,256: download_one() 'Flickr: Queue size: 0'
INFO: 2025-09-12 21:49:52,256: get_throttling() 'Flickr: parsing serverside options'
INFO: 2025-09-12 21:49:52,256: get_throttling() 'Flickr serverside options: {'min_fill_queue_interval': 1200, 'min_download_interval': 1200}'
INFO: 2025-09-12 21:49:52,256: download_one() 'Flickr: Filling queue'
INFO: 2025-09-12 21:49:52,256: fetch() 'Making flickr API call: https://api.flickr.com/services/rest/?method=flickr.photos.search&api_key=0553a848c09bcfd21d3a984d9408c04e&per_page=500&tag_mode=all&format=json&nojsoncallback=1&user_id=93647178@N00'
ERROR: 2025-09-12 21:49:52,335: download_one_from() 'Could not download wallpaper:'
Traceback (most recent call last):
  File "/usr/lib/python3.13/site-packages/variety/VarietyWindow.py", line 1166, in download_one_from
    file = downloader.download_one()
  File "/usr/lib/python3.13/site-packages/variety/plugins/downloaders/DefaultDownloader.py", line 141, in download_one
    items = self.fill_queue()
  File "/usr/lib/python3.13/site-packages/variety/FlickrDownloader.py", line 161, in fill_queue
    resp = FlickrDownloader.fetch(call)
  File "/usr/lib/python3.13/site-packages/variety/FlickrDownloader.py", line 74, in fetch
    return Util.fetch_json(call)
           ~~~~~~~~~~~~~~~^^^^^^
  File "/usr/lib/python3.13/site-packages/variety/Util.py", line 684, in fetch_json
    return Util.request(url, data, **request_kwargs).json()
           ~~~~~~~~~~~~^^^^^^^^^^^^^^^^^^^^^^^^^^^^^
  File "/usr/lib/python3.13/site-packages/variety/Util.py", line 663, in request
    r.raise_for_status()
    ~~~~~~~~~~~~~~~~~~^^
  File "/usr/lib/python3.13/site-packages/requests/models.py", line 1026, in raise_for_status
    raise HTTPError(http_error_msg, response=self)
requests.exceptions.HTTPError: 429 Client Error: Too Many Requests for url: https://api.flickr.com/services/rest/?method=flickr.photos.search&api_key=0553a848c09bcfd21d3a984d9408c04e&per_page=500&tag_mode=all&format=json&nojsoncallback=1&user_id=93647178@N00
INFO: 2025-09-12 21:49:54,256: trigger_download() 'Triggering download thread to check if download needed and possible'
INFO: 2025-09-12 21:52:54,257: get_throttling() 'Flickr: parsing serverside options'
INFO: 2025-09-12 21:52:54,257: get_throttling() 'Flickr serverside options: {'min_fill_queue_interval': 1200, 'min_download_interval': 1200}'
INFO: 2025-09-12 21:52:54,257: get_throttling() 'Flickr: parsing serverside options'
INFO: 2025-09-12 21:52:54,257: get_throttling() 'Flickr serverside options: {'min_fill_queue_interval': 1200, 'min_download_interval': 1200}'
INFO: 2025-09-12 21:52:54,257: download_one() 'Flickr: Downloading an image, config: user:www.flickr.com/photos/peter-levi/;user_id:93647178@N00;'
INFO: 2025-09-12 21:52:54,257: download_one() 'Flickr: Queue size: 0'
INFO: 2025-09-12 21:52:54,257: get_throttling() 'Flickr: parsing serverside options'
INFO: 2025-09-12 21:52:54,257: get_throttling() 'Flickr serverside options: {'min_fill_queue_interval': 1200, 'min_download_interval': 1200}'
INFO: 2025-09-12 21:52:54,257: download_one() 'Flickr: Filling queue'
INFO: 2025-09-12 21:52:54,257: fetch() 'Making flickr API call: https://api.flickr.com/services/rest/?method=flickr.photos.search&api_key=0553a848c09bcfd21d3a984d9408c04e&per_page=500&tag_mode=all&format=json&nojsoncallback=1&user_id=93647178@N00'
ERROR: 2025-09-12 21:52:54,331: download_one_from() 'Could not download wallpaper:'
Traceback (most recent call last):
  File "/usr/lib/python3.13/site-packages/variety/VarietyWindow.py", line 1166, in download_one_from
    file = downloader.download_one()
  File "/usr/lib/python3.13/site-packages/variety/plugins/downloaders/DefaultDownloader.py", line 141, in download_one
    items = self.fill_queue()
  File "/usr/lib/python3.13/site-packages/variety/FlickrDownloader.py", line 161, in fill_queue
    resp = FlickrDownloader.fetch(call)
  File "/usr/lib/python3.13/site-packages/variety/FlickrDownloader.py", line 74, in fetch
    return Util.fetch_json(call)
           ~~~~~~~~~~~~~~~^^^^^^
  File "/usr/lib/python3.13/site-packages/variety/Util.py", line 684, in fetch_json
    return Util.request(url, data, **request_kwargs).json()
           ~~~~~~~~~~~~^^^^^^^^^^^^^^^^^^^^^^^^^^^^^
  File "/usr/lib/python3.13/site-packages/variety/Util.py", line 663, in request
    r.raise_for_status()
    ~~~~~~~~~~~~~~~~~~^^
  File "/usr/lib/python3.13/site-packages/requests/models.py", line 1026, in raise_for_status
    raise HTTPError(http_error_msg, response=self)
requests.exceptions.HTTPError: 429 Client Error: Too Many Requests for url: https://api.flickr.com/services/rest/?method=flickr.photos.search&api_key=0553a848c09bcfd21d3a984d9408c04e&per_page=500&tag_mode=all&format=json&nojsoncallback=1&user_id=93647178@N00
INFO: 2025-09-12 21:54:52,244: regular_change_thread() 'regular_change changes wallpaper'
INFO: 2025-09-12 21:54:52,244: change_wallpaper() 'No images yet in prepared buffer, using some random image'
INFO: 2025-09-12 21:54:52,244: prepare_thread() 'Prepared buffer contains 0 images'
INFO: 2025-09-12 21:54:52,245: prepare_thread() 'Preparing some images'
INFO: 2025-09-12 21:54:52,245: change_wallpaper() 'No images found'
INFO: 2025-09-12 21:54:52,245: trigger_download() 'Triggering download thread to check if download needed and possible'
INFO: 2025-09-12 21:54:52,245: prepare_thread() 'After search prepared buffer contains 0 images'
INFO: 2025-09-12 21:54:52,245: get_throttling() 'Flickr: parsing serverside options'
INFO: 2025-09-12 21:54:52,245: get_throttling() 'Flickr serverside options: {'min_fill_queue_interval': 1200, 'min_download_interval': 1200}'
INFO: 2025-09-12 21:54:52,245: get_throttling() 'Flickr: parsing serverside options'
INFO: 2025-09-12 21:54:52,245: get_throttling() 'Flickr serverside options: {'min_fill_queue_interval': 1200, 'min_download_interval': 1200}'
INFO: 2025-09-12 21:54:52,245: download_one() 'Flickr: Downloading an image, config: user:www.flickr.com/photos/peter-levi/;user_id:93647178@N00;'
INFO: 2025-09-12 21:54:52,245: download_one() 'Flickr: Queue size: 0'
INFO: 2025-09-12 21:54:52,245: get_throttling() 'Flickr: parsing serverside options'
INFO: 2025-09-12 21:54:52,245: get_throttling() 'Flickr serverside options: {'min_fill_queue_interval': 1200, 'min_download_interval': 1200}'
INFO: 2025-09-12 21:54:52,245: download_one() 'Flickr: Filling queue'
INFO: 2025-09-12 21:54:52,245: fetch() 'Making flickr API call: https://api.flickr.com/services/rest/?method=flickr.photos.search&api_key=0553a848c09bcfd21d3a984d9408c04e&per_page=500&tag_mode=all&format=json&nojsoncallback=1&user_id=93647178@N00'
ERROR: 2025-09-12 21:54:52,323: download_one_from() 'Could not download wallpaper:'
Traceback (most recent call last):
  File "/usr/lib/python3.13/site-packages/variety/VarietyWindow.py", line 1166, in download_one_from
    file = downloader.download_one()
  File "/usr/lib/python3.13/site-packages/variety/plugins/downloaders/DefaultDownloader.py", line 141, in download_one
    items = self.fill_queue()
  File "/usr/lib/python3.13/site-packages/variety/FlickrDownloader.py", line 161, in fill_queue
    resp = FlickrDownloader.fetch(call)
  File "/usr/lib/python3.13/site-packages/variety/FlickrDownloader.py", line 74, in fetch
    return Util.fetch_json(call)
           ~~~~~~~~~~~~~~~^^^^^^
  File "/usr/lib/python3.13/site-packages/variety/Util.py", line 684, in fetch_json
    return Util.request(url, data, **request_kwargs).json()
           ~~~~~~~~~~~~^^^^^^^^^^^^^^^^^^^^^^^^^^^^^
  File "/usr/lib/python3.13/site-packages/variety/Util.py", line 663, in request
    r.raise_for_status()
    ~~~~~~~~~~~~~~~~~~^^
  File "/usr/lib/python3.13/site-packages/requests/models.py", line 1026, in raise_for_status
    raise HTTPError(http_error_msg, response=self)
requests.exceptions.HTTPError: 429 Client Error: Too Many Requests for url: https://api.flickr.com/services/rest/?method=flickr.photos.search&api_key=0553a848c09bcfd21d3a984d9408c04e&per_page=500&tag_mode=all&format=json&nojsoncallback=1&user_id=93647178@N00
INFO: 2025-09-12 21:54:54,245: trigger_download() 'Triggering download thread to check if download needed and possible'
INFO: 2025-09-12 21:57:54,246: get_throttling() 'Flickr: parsing serverside options'
INFO: 2025-09-12 21:57:54,246: get_throttling() 'Flickr serverside options: {'min_fill_queue_interval': 1200, 'min_download_interval': 1200}'
INFO: 2025-09-12 21:57:54,246: get_throttling() 'Flickr: parsing serverside options'
INFO: 2025-09-12 21:57:54,246: get_throttling() 'Flickr serverside options: {'min_fill_queue_interval': 1200, 'min_download_interval': 1200}'
INFO: 2025-09-12 21:57:54,246: download_one() 'Flickr: Downloading an image, config: user:www.flickr.com/photos/peter-levi/;user_id:93647178@N00;'
INFO: 2025-09-12 21:57:54,246: download_one() 'Flickr: Queue size: 0'
INFO: 2025-09-12 21:57:54,246: get_throttling() 'Flickr: parsing serverside options'
INFO: 2025-09-12 21:57:54,246: get_throttling() 'Flickr serverside options: {'min_fill_queue_interval': 1200, 'min_download_interval': 1200}'
INFO: 2025-09-12 21:57:54,246: download_one() 'Flickr: Filling queue'
INFO: 2025-09-12 21:57:54,246: fetch() 'Making flickr API call: https://api.flickr.com/services/rest/?method=flickr.photos.search&api_key=0553a848c09bcfd21d3a984d9408c04e&per_page=500&tag_mode=all&format=json&nojsoncallback=1&user_id=93647178@N00'
ERROR: 2025-09-12 21:57:54,397: download_one_from() 'Could not download wallpaper:'
Traceback (most recent call last):
  File "/usr/lib/python3.13/site-packages/variety/VarietyWindow.py", line 1166, in download_one_from
    file = downloader.download_one()
  File "/usr/lib/python3.13/site-packages/variety/plugins/downloaders/DefaultDownloader.py", line 141, in download_one
    items = self.fill_queue()
  File "/usr/lib/python3.13/site-packages/variety/FlickrDownloader.py", line 161, in fill_queue
    resp = FlickrDownloader.fetch(call)
  File "/usr/lib/python3.13/site-packages/variety/FlickrDownloader.py", line 74, in fetch
    return Util.fetch_json(call)
           ~~~~~~~~~~~~~~~^^^^^^
  File "/usr/lib/python3.13/site-packages/variety/Util.py", line 684, in fetch_json
    return Util.request(url, data, **request_kwargs).json()
           ~~~~~~~~~~~~^^^^^^^^^^^^^^^^^^^^^^^^^^^^^
  File "/usr/lib/python3.13/site-packages/variety/Util.py", line 663, in request
    r.raise_for_status()
    ~~~~~~~~~~~~~~~~~~^^
  File "/usr/lib/python3.13/site-packages/requests/models.py", line 1026, in raise_for_status
    raise HTTPError(http_error_msg, response=self)
requests.exceptions.HTTPError: 429 Client Error: Too Many Requests for url: https://api.flickr.com/services/rest/?method=flickr.photos.search&api_key=0553a848c09bcfd21d3a984d9408c04e&per_page=500&tag_mode=all&format=json&nojsoncallback=1&user_id=93647178@N00
INFO: 2025-09-12 21:59:52,244: regular_change_thread() 'regular_change changes wallpaper'
INFO: 2025-09-12 21:59:52,244: change_wallpaper() 'No images yet in prepared buffer, using some random image'
INFO: 2025-09-12 21:59:52,245: prepare_thread() 'Prepared buffer contains 0 images'
INFO: 2025-09-12 21:59:52,245: prepare_thread() 'Preparing some images'
INFO: 2025-09-12 21:59:52,245: change_wallpaper() 'No images found'
INFO: 2025-09-12 21:59:52,245: trigger_download() 'Triggering download thread to check if download needed and possible'
INFO: 2025-09-12 21:59:52,245: prepare_thread() 'After search prepared buffer contains 0 images'
INFO: 2025-09-12 21:59:52,245: get_throttling() 'Flickr: parsing serverside options'
INFO: 2025-09-12 21:59:52,245: get_throttling() 'Flickr serverside options: {'min_fill_queue_interval': 1200, 'min_download_interval': 1200}'
INFO: 2025-09-12 21:59:52,245: get_throttling() 'Flickr: parsing serverside options'
INFO: 2025-09-12 21:59:52,245: get_throttling() 'Flickr serverside options: {'min_fill_queue_interval': 1200, 'min_download_interval': 1200}'
INFO: 2025-09-12 21:59:52,245: download_one() 'Flickr: Downloading an image, config: user:www.flickr.com/photos/peter-levi/;user_id:93647178@N00;'
INFO: 2025-09-12 21:59:52,245: download_one() 'Flickr: Queue size: 0'
INFO: 2025-09-12 21:59:52,245: get_throttling() 'Flickr: parsing serverside options'
INFO: 2025-09-12 21:59:52,245: get_throttling() 'Flickr serverside options: {'min_fill_queue_interval': 1200, 'min_download_interval': 1200}'
INFO: 2025-09-12 21:59:52,246: download_one() 'Flickr: Filling queue'
INFO: 2025-09-12 21:59:52,246: fetch() 'Making flickr API call: https://api.flickr.com/services/rest/?method=flickr.photos.search&api_key=0553a848c09bcfd21d3a984d9408c04e&per_page=500&tag_mode=all&format=json&nojsoncallback=1&user_id=93647178@N00'
ERROR: 2025-09-12 21:59:52,328: download_one_from() 'Could not download wallpaper:'
Traceback (most recent call last):
  File "/usr/lib/python3.13/site-packages/variety/VarietyWindow.py", line 1166, in download_one_from
    file = downloader.download_one()
  File "/usr/lib/python3.13/site-packages/variety/plugins/downloaders/DefaultDownloader.py", line 141, in download_one
    items = self.fill_queue()
  File "/usr/lib/python3.13/site-packages/variety/FlickrDownloader.py", line 161, in fill_queue
    resp = FlickrDownloader.fetch(call)
  File "/usr/lib/python3.13/site-packages/variety/FlickrDownloader.py", line 74, in fetch
    return Util.fetch_json(call)
           ~~~~~~~~~~~~~~~^^^^^^
  File "/usr/lib/python3.13/site-packages/variety/Util.py", line 684, in fetch_json
    return Util.request(url, data, **request_kwargs).json()
           ~~~~~~~~~~~~^^^^^^^^^^^^^^^^^^^^^^^^^^^^^
  File "/usr/lib/python3.13/site-packages/variety/Util.py", line 663, in request
    r.raise_for_status()
    ~~~~~~~~~~~~~~~~~~^^
  File "/usr/lib/python3.13/site-packages/requests/models.py", line 1026, in raise_for_status
    raise HTTPError(http_error_msg, response=self)
requests.exceptions.HTTPError: 429 Client Error: Too Many Requests for url: https://api.flickr.com/services/rest/?method=flickr.photos.search&api_key=0553a848c09bcfd21d3a984d9408c04e&per_page=500&tag_mode=all&format=json&nojsoncallback=1&user_id=93647178@N00
INFO: 2025-09-12 21:59:54,245: trigger_download() 'Triggering download thread to check if download needed and possible'
INFO: 2025-09-12 22:02:54,246: get_throttling() 'Flickr: parsing serverside options'
INFO: 2025-09-12 22:02:54,246: get_throttling() 'Flickr serverside options: {'min_fill_queue_interval': 1200, 'min_download_interval': 1200}'
INFO: 2025-09-12 22:02:54,246: get_throttling() 'Flickr: parsing serverside options'
INFO: 2025-09-12 22:02:54,246: get_throttling() 'Flickr serverside options: {'min_fill_queue_interval': 1200, 'min_download_interval': 1200}'
INFO: 2025-09-12 22:02:54,246: download_one() 'Flickr: Downloading an image, config: user:www.flickr.com/photos/peter-levi/;user_id:93647178@N00;'
INFO: 2025-09-12 22:02:54,246: download_one() 'Flickr: Queue size: 0'
INFO: 2025-09-12 22:02:54,246: get_throttling() 'Flickr: parsing serverside options'
INFO: 2025-09-12 22:02:54,246: get_throttling() 'Flickr serverside options: {'min_fill_queue_interval': 1200, 'min_download_interval': 1200}'
INFO: 2025-09-12 22:02:54,246: download_one() 'Flickr: Filling queue'
INFO: 2025-09-12 22:02:54,246: fetch() 'Making flickr API call: https://api.flickr.com/services/rest/?method=flickr.photos.search&api_key=0553a848c09bcfd21d3a984d9408c04e&per_page=500&tag_mode=all&format=json&nojsoncallback=1&user_id=93647178@N00'
ERROR: 2025-09-12 22:02:54,331: download_one_from() 'Could not download wallpaper:'
Traceback (most recent call last):
  File "/usr/lib/python3.13/site-packages/variety/VarietyWindow.py", line 1166, in download_one_from
    file = downloader.download_one()
  File "/usr/lib/python3.13/site-packages/variety/plugins/downloaders/DefaultDownloader.py", line 141, in download_one
    items = self.fill_queue()
  File "/usr/lib/python3.13/site-packages/variety/FlickrDownloader.py", line 161, in fill_queue
    resp = FlickrDownloader.fetch(call)
  File "/usr/lib/python3.13/site-packages/variety/FlickrDownloader.py", line 74, in fetch
    return Util.fetch_json(call)
           ~~~~~~~~~~~~~~~^^^^^^
  File "/usr/lib/python3.13/site-packages/variety/Util.py", line 684, in fetch_json
    return Util.request(url, data, **request_kwargs).json()
           ~~~~~~~~~~~~^^^^^^^^^^^^^^^^^^^^^^^^^^^^^
  File "/usr/lib/python3.13/site-packages/variety/Util.py", line 663, in request
    r.raise_for_status()
    ~~~~~~~~~~~~~~~~~~^^
  File "/usr/lib/python3.13/site-packages/requests/models.py", line 1026, in raise_for_status
    raise HTTPError(http_error_msg, response=self)
requests.exceptions.HTTPError: 429 Client Error: Too Many Requests for url: https://api.flickr.com/services/rest/?method=flickr.photos.search&api_key=0553a848c09bcfd21d3a984d9408c04e&per_page=500&tag_mode=all&format=json&nojsoncallback=1&user_id=93647178@N00
INFO: 2025-09-12 22:04:52,244: regular_change_thread() 'regular_change changes wallpaper'
INFO: 2025-09-12 22:04:52,245: change_wallpaper() 'No images yet in prepared buffer, using some random image'
INFO: 2025-09-12 22:04:52,245: prepare_thread() 'Prepared buffer contains 0 images'
INFO: 2025-09-12 22:04:52,245: prepare_thread() 'Preparing some images'
INFO: 2025-09-12 22:04:52,245: change_wallpaper() 'No images found'
INFO: 2025-09-12 22:04:52,245: trigger_download() 'Triggering download thread to check if download needed and possible'
INFO: 2025-09-12 22:04:52,245: prepare_thread() 'After search prepared buffer contains 0 images'
INFO: 2025-09-12 22:04:52,245: get_throttling() 'Flickr: parsing serverside options'
INFO: 2025-09-12 22:04:52,245: get_throttling() 'Flickr serverside options: {'min_fill_queue_interval': 1200, 'min_download_interval': 1200}'
INFO: 2025-09-12 22:04:52,245: get_throttling() 'Flickr: parsing serverside options'
INFO: 2025-09-12 22:04:52,245: get_throttling() 'Flickr serverside options: {'min_fill_queue_interval': 1200, 'min_download_interval': 1200}'
INFO: 2025-09-12 22:04:52,246: download_one() 'Flickr: Downloading an image, config: user:www.flickr.com/photos/peter-levi/;user_id:93647178@N00;'
INFO: 2025-09-12 22:04:52,246: download_one() 'Flickr: Queue size: 0'
INFO: 2025-09-12 22:04:52,246: get_throttling() 'Flickr: parsing serverside options'
INFO: 2025-09-12 22:04:52,246: get_throttling() 'Flickr serverside options: {'min_fill_queue_interval': 1200, 'min_download_interval': 1200}'
INFO: 2025-09-12 22:04:52,246: download_one() 'Flickr: Filling queue'
INFO: 2025-09-12 22:04:52,246: fetch() 'Making flickr API call: https://api.flickr.com/services/rest/?method=flickr.photos.search&api_key=0553a848c09bcfd21d3a984d9408c04e&per_page=500&tag_mode=all&format=json&nojsoncallback=1&user_id=93647178@N00'
ERROR: 2025-09-12 22:04:52,340: download_one_from() 'Could not download wallpaper:'
Traceback (most recent call last):
  File "/usr/lib/python3.13/site-packages/variety/VarietyWindow.py", line 1166, in download_one_from
    file = downloader.download_one()
  File "/usr/lib/python3.13/site-packages/variety/plugins/downloaders/DefaultDownloader.py", line 141, in download_one
    items = self.fill_queue()
  File "/usr/lib/python3.13/site-packages/variety/FlickrDownloader.py", line 161, in fill_queue
    resp = FlickrDownloader.fetch(call)
  File "/usr/lib/python3.13/site-packages/variety/FlickrDownloader.py", line 74, in fetch
    return Util.fetch_json(call)
           ~~~~~~~~~~~~~~~^^^^^^
  File "/usr/lib/python3.13/site-packages/variety/Util.py", line 684, in fetch_json
    return Util.request(url, data, **request_kwargs).json()
           ~~~~~~~~~~~~^^^^^^^^^^^^^^^^^^^^^^^^^^^^^
  File "/usr/lib/python3.13/site-packages/variety/Util.py", line 663, in request
    r.raise_for_status()
    ~~~~~~~~~~~~~~~~~~^^
  File "/usr/lib/python3.13/site-packages/requests/models.py", line 1026, in raise_for_status
    raise HTTPError(http_error_msg, response=self)
requests.exceptions.HTTPError: 429 Client Error: Too Many Requests for url: https://api.flickr.com/services/rest/?method=flickr.photos.search&api_key=0553a848c09bcfd21d3a984d9408c04e&per_page=500&tag_mode=all&format=json&nojsoncallback=1&user_id=93647178@N00
INFO: 2025-09-12 22:04:54,246: trigger_download() 'Triggering download thread to check if download needed and possible'
INFO: 2025-09-12 22:07:54,246: get_throttling() 'Flickr: parsing serverside options'
INFO: 2025-09-12 22:07:54,246: get_throttling() 'Flickr serverside options: {'min_fill_queue_interval': 1200, 'min_download_interval': 1200}'
INFO: 2025-09-12 22:07:54,246: get_throttling() 'Flickr: parsing serverside options'
INFO: 2025-09-12 22:07:54,246: get_throttling() 'Flickr serverside options: {'min_fill_queue_interval': 1200, 'min_download_interval': 1200}'
INFO: 2025-09-12 22:07:54,246: download_one() 'Flickr: Downloading an image, config: user:www.flickr.com/photos/peter-levi/;user_id:93647178@N00;'
INFO: 2025-09-12 22:07:54,246: download_one() 'Flickr: Queue size: 0'
INFO: 2025-09-12 22:07:54,246: get_throttling() 'Flickr: parsing serverside options'
INFO: 2025-09-12 22:07:54,246: get_throttling() 'Flickr serverside options: {'min_fill_queue_interval': 1200, 'min_download_interval': 1200}'
INFO: 2025-09-12 22:07:54,246: download_one() 'Flickr: Filling queue'
INFO: 2025-09-12 22:07:54,246: fetch() 'Making flickr API call: https://api.flickr.com/services/rest/?method=flickr.photos.search&api_key=0553a848c09bcfd21d3a984d9408c04e&per_page=500&tag_mode=all&format=json&nojsoncallback=1&user_id=93647178@N00'
ERROR: 2025-09-12 22:07:54,328: download_one_from() 'Could not download wallpaper:'
Traceback (most recent call last):
  File "/usr/lib/python3.13/site-packages/variety/VarietyWindow.py", line 1166, in download_one_from
    file = downloader.download_one()
  File "/usr/lib/python3.13/site-packages/variety/plugins/downloaders/DefaultDownloader.py", line 141, in download_one
    items = self.fill_queue()
  File "/usr/lib/python3.13/site-packages/variety/FlickrDownloader.py", line 161, in fill_queue
    resp = FlickrDownloader.fetch(call)
  File "/usr/lib/python3.13/site-packages/variety/FlickrDownloader.py", line 74, in fetch
    return Util.fetch_json(call)
           ~~~~~~~~~~~~~~~^^^^^^
  File "/usr/lib/python3.13/site-packages/variety/Util.py", line 684, in fetch_json
    return Util.request(url, data, **request_kwargs).json()
           ~~~~~~~~~~~~^^^^^^^^^^^^^^^^^^^^^^^^^^^^^
  File "/usr/lib/python3.13/site-packages/variety/Util.py", line 663, in request
    r.raise_for_status()
    ~~~~~~~~~~~~~~~~~~^^
  File "/usr/lib/python3.13/site-packages/requests/models.py", line 1026, in raise_for_status
    raise HTTPError(http_error_msg, response=self)
requests.exceptions.HTTPError: 429 Client Error: Too Many Requests for url: https://api.flickr.com/services/rest/?method=flickr.photos.search&api_key=0553a848c09bcfd21d3a984d9408c04e&per_page=500&tag_mode=all&format=json&nojsoncallback=1&user_id=93647178@N00
INFO: 2025-09-12 22:09:52,245: regular_change_thread() 'regular_change changes wallpaper'
INFO: 2025-09-12 22:09:52,245: change_wallpaper() 'No images yet in prepared buffer, using some random image'
INFO: 2025-09-12 22:09:52,245: prepare_thread() 'Prepared buffer contains 0 images'
INFO: 2025-09-12 22:09:52,245: prepare_thread() 'Preparing some images'
INFO: 2025-09-12 22:09:52,245: trigger_download() 'Triggering download thread to check if download needed and possible'
INFO: 2025-09-12 22:09:52,245: prepare_thread() 'After search prepared buffer contains 0 images'
INFO: 2025-09-12 22:09:52,245: get_throttling() 'Flickr: parsing serverside options'
INFO: 2025-09-12 22:09:52,246: change_wallpaper() 'No images found'
INFO: 2025-09-12 22:09:52,246: get_throttling() 'Flickr serverside options: {'min_fill_queue_interval': 1200, 'min_download_interval': 1200}'
INFO: 2025-09-12 22:09:52,246: get_throttling() 'Flickr: parsing serverside options'
INFO: 2025-09-12 22:09:52,246: get_throttling() 'Flickr serverside options: {'min_fill_queue_interval': 1200, 'min_download_interval': 1200}'
INFO: 2025-09-12 22:09:52,246: download_one() 'Flickr: Downloading an image, config: user:www.flickr.com/photos/peter-levi/;user_id:93647178@N00;'
INFO: 2025-09-12 22:09:52,246: download_one() 'Flickr: Queue size: 0'
INFO: 2025-09-12 22:09:52,246: get_throttling() 'Flickr: parsing serverside options'
INFO: 2025-09-12 22:09:52,246: get_throttling() 'Flickr serverside options: {'min_fill_queue_interval': 1200, 'min_download_interval': 1200}'
INFO: 2025-09-12 22:09:52,246: download_one() 'Flickr: Filling queue'
INFO: 2025-09-12 22:09:52,246: fetch() 'Making flickr API call: https://api.flickr.com/services/rest/?method=flickr.photos.search&api_key=0553a848c09bcfd21d3a984d9408c04e&per_page=500&tag_mode=all&format=json&nojsoncallback=1&user_id=93647178@N00'
ERROR: 2025-09-12 22:09:52,325: download_one_from() 'Could not download wallpaper:'
Traceback (most recent call last):
  File "/usr/lib/python3.13/site-packages/variety/VarietyWindow.py", line 1166, in download_one_from
    file = downloader.download_one()
  File "/usr/lib/python3.13/site-packages/variety/plugins/downloaders/DefaultDownloader.py", line 141, in download_one
    items = self.fill_queue()
  File "/usr/lib/python3.13/site-packages/variety/FlickrDownloader.py", line 161, in fill_queue
    resp = FlickrDownloader.fetch(call)
  File "/usr/lib/python3.13/site-packages/variety/FlickrDownloader.py", line 74, in fetch
    return Util.fetch_json(call)
           ~~~~~~~~~~~~~~~^^^^^^
  File "/usr/lib/python3.13/site-packages/variety/Util.py", line 684, in fetch_json
    return Util.request(url, data, **request_kwargs).json()
           ~~~~~~~~~~~~^^^^^^^^^^^^^^^^^^^^^^^^^^^^^
  File "/usr/lib/python3.13/site-packages/variety/Util.py", line 663, in request
    r.raise_for_status()
    ~~~~~~~~~~~~~~~~~~^^
  File "/usr/lib/python3.13/site-packages/requests/models.py", line 1026, in raise_for_status
    raise HTTPError(http_error_msg, response=self)
requests.exceptions.HTTPError: 429 Client Error: Too Many Requests for url: https://api.flickr.com/services/rest/?method=flickr.photos.search&api_key=0553a848c09bcfd21d3a984d9408c04e&per_page=500&tag_mode=all&format=json&nojsoncallback=1&user_id=93647178@N00
INFO: 2025-09-12 22:09:54,247: trigger_download() 'Triggering download thread to check if download needed and possible'
INFO: 2025-09-12 22:12:54,247: get_throttling() 'Flickr: parsing serverside options'
INFO: 2025-09-12 22:12:54,247: get_throttling() 'Flickr serverside options: {'min_fill_queue_interval': 1200, 'min_download_interval': 1200}'
INFO: 2025-09-12 22:12:54,247: get_throttling() 'Flickr: parsing serverside options'
INFO: 2025-09-12 22:12:54,247: get_throttling() 'Flickr serverside options: {'min_fill_queue_interval': 1200, 'min_download_interval': 1200}'
INFO: 2025-09-12 22:12:54,247: download_one() 'Flickr: Downloading an image, config: user:www.flickr.com/photos/peter-levi/;user_id:93647178@N00;'
INFO: 2025-09-12 22:12:54,247: download_one() 'Flickr: Queue size: 0'
INFO: 2025-09-12 22:12:54,247: get_throttling() 'Flickr: parsing serverside options'
INFO: 2025-09-12 22:12:54,247: get_throttling() 'Flickr serverside options: {'min_fill_queue_interval': 1200, 'min_download_interval': 1200}'
INFO: 2025-09-12 22:12:54,247: download_one() 'Flickr: Filling queue'
INFO: 2025-09-12 22:12:54,247: fetch() 'Making flickr API call: https://api.flickr.com/services/rest/?method=flickr.photos.search&api_key=0553a848c09bcfd21d3a984d9408c04e&per_page=500&tag_mode=all&format=json&nojsoncallback=1&user_id=93647178@N00'
ERROR: 2025-09-12 22:12:54,346: download_one_from() 'Could not download wallpaper:'
Traceback (most recent call last):
  File "/usr/lib/python3.13/site-packages/variety/VarietyWindow.py", line 1166, in download_one_from
    file = downloader.download_one()
  File "/usr/lib/python3.13/site-packages/variety/plugins/downloaders/DefaultDownloader.py", line 141, in download_one
    items = self.fill_queue()
  File "/usr/lib/python3.13/site-packages/variety/FlickrDownloader.py", line 161, in fill_queue
    resp = FlickrDownloader.fetch(call)
  File "/usr/lib/python3.13/site-packages/variety/FlickrDownloader.py", line 74, in fetch
    return Util.fetch_json(call)
           ~~~~~~~~~~~~~~~^^^^^^
  File "/usr/lib/python3.13/site-packages/variety/Util.py", line 684, in fetch_json
    return Util.request(url, data, **request_kwargs).json()
           ~~~~~~~~~~~~^^^^^^^^^^^^^^^^^^^^^^^^^^^^^
  File "/usr/lib/python3.13/site-packages/variety/Util.py", line 663, in request
    r.raise_for_status()
    ~~~~~~~~~~~~~~~~~~^^
  File "/usr/lib/python3.13/site-packages/requests/models.py", line 1026, in raise_for_status
    raise HTTPError(http_error_msg, response=self)
requests.exceptions.HTTPError: 429 Client Error: Too Many Requests for url: https://api.flickr.com/services/rest/?method=flickr.photos.search&api_key=0553a848c09bcfd21d3a984d9408c04e&per_page=500&tag_mode=all&format=json&nojsoncallback=1&user_id=93647178@N00
INFO: 2025-09-12 22:14:52,245: regular_change_thread() 'regular_change changes wallpaper'
INFO: 2025-09-12 22:14:52,245: change_wallpaper() 'No images yet in prepared buffer, using some random image'
INFO: 2025-09-12 22:14:52,245: prepare_thread() 'Prepared buffer contains 0 images'
INFO: 2025-09-12 22:14:52,245: prepare_thread() 'Preparing some images'
INFO: 2025-09-12 22:14:52,246: trigger_download() 'Triggering download thread to check if download needed and possible'
INFO: 2025-09-12 22:14:52,246: prepare_thread() 'After search prepared buffer contains 0 images'
INFO: 2025-09-12 22:14:52,246: get_throttling() 'Flickr: parsing serverside options'
INFO: 2025-09-12 22:14:52,246: get_throttling() 'Flickr serverside options: {'min_fill_queue_interval': 1200, 'min_download_interval': 1200}'
INFO: 2025-09-12 22:14:52,246: get_throttling() 'Flickr: parsing serverside options'
INFO: 2025-09-12 22:14:52,246: get_throttling() 'Flickr serverside options: {'min_fill_queue_interval': 1200, 'min_download_interval': 1200}'
INFO: 2025-09-12 22:14:52,246: download_one() 'Flickr: Downloading an image, config: user:www.flickr.com/photos/peter-levi/;user_id:93647178@N00;'
INFO: 2025-09-12 22:14:52,246: download_one() 'Flickr: Queue size: 0'
INFO: 2025-09-12 22:14:52,246: change_wallpaper() 'No images found'
INFO: 2025-09-12 22:14:52,246: get_throttling() 'Flickr: parsing serverside options'
INFO: 2025-09-12 22:14:52,246: get_throttling() 'Flickr serverside options: {'min_fill_queue_interval': 1200, 'min_download_interval': 1200}'
INFO: 2025-09-12 22:14:52,246: download_one() 'Flickr: Filling queue'
INFO: 2025-09-12 22:14:52,246: fetch() 'Making flickr API call: https://api.flickr.com/services/rest/?method=flickr.photos.search&api_key=0553a848c09bcfd21d3a984d9408c04e&per_page=500&tag_mode=all&format=json&nojsoncallback=1&user_id=93647178@N00'
ERROR: 2025-09-12 22:14:52,329: download_one_from() 'Could not download wallpaper:'
Traceback (most recent call last):
  File "/usr/lib/python3.13/site-packages/variety/VarietyWindow.py", line 1166, in download_one_from
    file = downloader.download_one()
  File "/usr/lib/python3.13/site-packages/variety/plugins/downloaders/DefaultDownloader.py", line 141, in download_one
    items = self.fill_queue()
  File "/usr/lib/python3.13/site-packages/variety/FlickrDownloader.py", line 161, in fill_queue
    resp = FlickrDownloader.fetch(call)
  File "/usr/lib/python3.13/site-packages/variety/FlickrDownloader.py", line 74, in fetch
    return Util.fetch_json(call)
           ~~~~~~~~~~~~~~~^^^^^^
  File "/usr/lib/python3.13/site-packages/variety/Util.py", line 684, in fetch_json
    return Util.request(url, data, **request_kwargs).json()
           ~~~~~~~~~~~~^^^^^^^^^^^^^^^^^^^^^^^^^^^^^
  File "/usr/lib/python3.13/site-packages/variety/Util.py", line 663, in request
    r.raise_for_status()
    ~~~~~~~~~~~~~~~~~~^^
  File "/usr/lib/python3.13/site-packages/requests/models.py", line 1026, in raise_for_status
    raise HTTPError(http_error_msg, response=self)
requests.exceptions.HTTPError: 429 Client Error: Too Many Requests for url: https://api.flickr.com/services/rest/?method=flickr.photos.search&api_key=0553a848c09bcfd21d3a984d9408c04e&per_page=500&tag_mode=all&format=json&nojsoncallback=1&user_id=93647178@N00
INFO: 2025-09-12 22:14:54,246: trigger_download() 'Triggering download thread to check if download needed and possible'
INFO: 2025-09-12 22:17:54,247: get_throttling() 'Flickr: parsing serverside options'
INFO: 2025-09-12 22:17:54,247: get_throttling() 'Flickr serverside options: {'min_fill_queue_interval': 1200, 'min_download_interval': 1200}'
INFO: 2025-09-12 22:17:54,247: get_throttling() 'Flickr: parsing serverside options'
INFO: 2025-09-12 22:17:54,247: get_throttling() 'Flickr serverside options: {'min_fill_queue_interval': 1200, 'min_download_interval': 1200}'
INFO: 2025-09-12 22:17:54,247: download_one() 'Flickr: Downloading an image, config: user:www.flickr.com/photos/peter-levi/;user_id:93647178@N00;'
INFO: 2025-09-12 22:17:54,247: download_one() 'Flickr: Queue size: 0'
INFO: 2025-09-12 22:17:54,247: get_throttling() 'Flickr: parsing serverside options'
INFO: 2025-09-12 22:17:54,247: get_throttling() 'Flickr serverside options: {'min_fill_queue_interval': 1200, 'min_download_interval': 1200}'
INFO: 2025-09-12 22:17:54,247: download_one() 'Flickr: Filling queue'
INFO: 2025-09-12 22:17:54,247: fetch() 'Making flickr API call: https://api.flickr.com/services/rest/?method=flickr.photos.search&api_key=0553a848c09bcfd21d3a984d9408c04e&per_page=500&tag_mode=all&format=json&nojsoncallback=1&user_id=93647178@N00'
ERROR: 2025-09-12 22:17:54,390: download_one_from() 'Could not download wallpaper:'
Traceback (most recent call last):
  File "/usr/lib/python3.13/site-packages/variety/VarietyWindow.py", line 1166, in download_one_from
    file = downloader.download_one()
  File "/usr/lib/python3.13/site-packages/variety/plugins/downloaders/DefaultDownloader.py", line 141, in download_one
    items = self.fill_queue()
  File "/usr/lib/python3.13/site-packages/variety/FlickrDownloader.py", line 161, in fill_queue
    resp = FlickrDownloader.fetch(call)
  File "/usr/lib/python3.13/site-packages/variety/FlickrDownloader.py", line 74, in fetch
    return Util.fetch_json(call)
           ~~~~~~~~~~~~~~~^^^^^^
  File "/usr/lib/python3.13/site-packages/variety/Util.py", line 684, in fetch_json
    return Util.request(url, data, **request_kwargs).json()
           ~~~~~~~~~~~~^^^^^^^^^^^^^^^^^^^^^^^^^^^^^
  File "/usr/lib/python3.13/site-packages/variety/Util.py", line 663, in request
    r.raise_for_status()
    ~~~~~~~~~~~~~~~~~~^^
  File "/usr/lib/python3.13/site-packages/requests/models.py", line 1026, in raise_for_status
    raise HTTPError(http_error_msg, response=self)
requests.exceptions.HTTPError: 429 Client Error: Too Many Requests for url: https://api.flickr.com/services/rest/?method=flickr.photos.search&api_key=0553a848c09bcfd21d3a984d9408c04e&per_page=500&tag_mode=all&format=json&nojsoncallback=1&user_id=93647178@N00
INFO: 2025-09-12 22:19:52,245: regular_change_thread() 'regular_change changes wallpaper'
INFO: 2025-09-12 22:19:52,245: change_wallpaper() 'No images yet in prepared buffer, using some random image'
INFO: 2025-09-12 22:19:52,245: prepare_thread() 'Prepared buffer contains 0 images'
INFO: 2025-09-12 22:19:52,245: prepare_thread() 'Preparing some images'
INFO: 2025-09-12 22:19:52,246: change_wallpaper() 'No images found'
INFO: 2025-09-12 22:19:52,246: trigger_download() 'Triggering download thread to check if download needed and possible'
INFO: 2025-09-12 22:19:52,246: prepare_thread() 'After search prepared buffer contains 0 images'
INFO: 2025-09-12 22:19:52,246: get_throttling() 'Flickr: parsing serverside options'
INFO: 2025-09-12 22:19:52,246: get_throttling() 'Flickr serverside options: {'min_fill_queue_interval': 1200, 'min_download_interval': 1200}'
INFO: 2025-09-12 22:19:52,246: get_throttling() 'Flickr: parsing serverside options'
INFO: 2025-09-12 22:19:52,246: get_throttling() 'Flickr serverside options: {'min_fill_queue_interval': 1200, 'min_download_interval': 1200}'
INFO: 2025-09-12 22:19:52,246: download_one() 'Flickr: Downloading an image, config: user:www.flickr.com/photos/peter-levi/;user_id:93647178@N00;'
INFO: 2025-09-12 22:19:52,246: download_one() 'Flickr: Queue size: 0'
INFO: 2025-09-12 22:19:52,246: get_throttling() 'Flickr: parsing serverside options'
INFO: 2025-09-12 22:19:52,246: get_throttling() 'Flickr serverside options: {'min_fill_queue_interval': 1200, 'min_download_interval': 1200}'
INFO: 2025-09-12 22:19:52,246: download_one() 'Flickr: Filling queue'
INFO: 2025-09-12 22:19:52,246: fetch() 'Making flickr API call: https://api.flickr.com/services/rest/?method=flickr.photos.search&api_key=0553a848c09bcfd21d3a984d9408c04e&per_page=500&tag_mode=all&format=json&nojsoncallback=1&user_id=93647178@N00'
ERROR: 2025-09-12 22:19:52,364: download_one_from() 'Could not download wallpaper:'
Traceback (most recent call last):
  File "/usr/lib/python3.13/site-packages/variety/VarietyWindow.py", line 1166, in download_one_from
    file = downloader.download_one()
  File "/usr/lib/python3.13/site-packages/variety/plugins/downloaders/DefaultDownloader.py", line 141, in download_one
    items = self.fill_queue()
  File "/usr/lib/python3.13/site-packages/variety/FlickrDownloader.py", line 161, in fill_queue
    resp = FlickrDownloader.fetch(call)
  File "/usr/lib/python3.13/site-packages/variety/FlickrDownloader.py", line 74, in fetch
    return Util.fetch_json(call)
           ~~~~~~~~~~~~~~~^^^^^^
  File "/usr/lib/python3.13/site-packages/variety/Util.py", line 684, in fetch_json
    return Util.request(url, data, **request_kwargs).json()
           ~~~~~~~~~~~~^^^^^^^^^^^^^^^^^^^^^^^^^^^^^
  File "/usr/lib/python3.13/site-packages/variety/Util.py", line 663, in request
    r.raise_for_status()
    ~~~~~~~~~~~~~~~~~~^^
  File "/usr/lib/python3.13/site-packages/requests/models.py", line 1026, in raise_for_status
    raise HTTPError(http_error_msg, response=self)
requests.exceptions.HTTPError: 429 Client Error: Too Many Requests for url: https://api.flickr.com/services/rest/?method=flickr.photos.search&api_key=0553a848c09bcfd21d3a984d9408c04e&per_page=500&tag_mode=all&format=json&nojsoncallback=1&user_id=93647178@N00
INFO: 2025-09-12 22:19:54,246: trigger_download() 'Triggering download thread to check if download needed and possible'
INFO: 2025-09-12 22:22:54,246: get_throttling() 'Flickr: parsing serverside options'
INFO: 2025-09-12 22:22:54,247: get_throttling() 'Flickr serverside options: {'min_fill_queue_interval': 1200, 'min_download_interval': 1200}'
INFO: 2025-09-12 22:22:54,247: get_throttling() 'Flickr: parsing serverside options'
INFO: 2025-09-12 22:22:54,247: get_throttling() 'Flickr serverside options: {'min_fill_queue_interval': 1200, 'min_download_interval': 1200}'
INFO: 2025-09-12 22:22:54,247: download_one() 'Flickr: Downloading an image, config: user:www.flickr.com/photos/peter-levi/;user_id:93647178@N00;'
INFO: 2025-09-12 22:22:54,247: download_one() 'Flickr: Queue size: 0'
INFO: 2025-09-12 22:22:54,247: get_throttling() 'Flickr: parsing serverside options'
INFO: 2025-09-12 22:22:54,247: get_throttling() 'Flickr serverside options: {'min_fill_queue_interval': 1200, 'min_download_interval': 1200}'
INFO: 2025-09-12 22:22:54,247: download_one() 'Flickr: Filling queue'
INFO: 2025-09-12 22:22:54,247: fetch() 'Making flickr API call: https://api.flickr.com/services/rest/?method=flickr.photos.search&api_key=0553a848c09bcfd21d3a984d9408c04e&per_page=500&tag_mode=all&format=json&nojsoncallback=1&user_id=93647178@N00'
ERROR: 2025-09-12 22:22:54,321: download_one_from() 'Could not download wallpaper:'
Traceback (most recent call last):
  File "/usr/lib/python3.13/site-packages/variety/VarietyWindow.py", line 1166, in download_one_from
    file = downloader.download_one()
  File "/usr/lib/python3.13/site-packages/variety/plugins/downloaders/DefaultDownloader.py", line 141, in download_one
    items = self.fill_queue()
  File "/usr/lib/python3.13/site-packages/variety/FlickrDownloader.py", line 161, in fill_queue
    resp = FlickrDownloader.fetch(call)
  File "/usr/lib/python3.13/site-packages/variety/FlickrDownloader.py", line 74, in fetch
    return Util.fetch_json(call)
           ~~~~~~~~~~~~~~~^^^^^^
  File "/usr/lib/python3.13/site-packages/variety/Util.py", line 684, in fetch_json
    return Util.request(url, data, **request_kwargs).json()
           ~~~~~~~~~~~~^^^^^^^^^^^^^^^^^^^^^^^^^^^^^
  File "/usr/lib/python3.13/site-packages/variety/Util.py", line 663, in request
    r.raise_for_status()
    ~~~~~~~~~~~~~~~~~~^^
  File "/usr/lib/python3.13/site-packages/requests/models.py", line 1026, in raise_for_status
    raise HTTPError(http_error_msg, response=self)
requests.exceptions.HTTPError: 429 Client Error: Too Many Requests for url: https://api.flickr.com/services/rest/?method=flickr.photos.search&api_key=0553a848c09bcfd21d3a984d9408c04e&per_page=500&tag_mode=all&format=json&nojsoncallback=1&user_id=93647178@N00
INFO: 2025-09-12 22:24:52,245: regular_change_thread() 'regular_change changes wallpaper'
INFO: 2025-09-12 22:24:52,245: change_wallpaper() 'No images yet in prepared buffer, using some random image'
INFO: 2025-09-12 22:24:52,246: prepare_thread() 'Prepared buffer contains 0 images'
INFO: 2025-09-12 22:24:52,246: prepare_thread() 'Preparing some images'
INFO: 2025-09-12 22:24:52,246: change_wallpaper() 'No images found'
INFO: 2025-09-12 22:24:52,246: trigger_download() 'Triggering download thread to check if download needed and possible'
INFO: 2025-09-12 22:24:52,246: prepare_thread() 'After search prepared buffer contains 0 images'
INFO: 2025-09-12 22:24:52,246: get_throttling() 'Flickr: parsing serverside options'
INFO: 2025-09-12 22:24:52,246: get_throttling() 'Flickr serverside options: {'min_fill_queue_interval': 1200, 'min_download_interval': 1200}'
INFO: 2025-09-12 22:24:52,246: get_throttling() 'Flickr: parsing serverside options'
INFO: 2025-09-12 22:24:52,246: get_throttling() 'Flickr serverside options: {'min_fill_queue_interval': 1200, 'min_download_interval': 1200}'
INFO: 2025-09-12 22:24:52,246: download_one() 'Flickr: Downloading an image, config: user:www.flickr.com/photos/peter-levi/;user_id:93647178@N00;'
INFO: 2025-09-12 22:24:52,246: download_one() 'Flickr: Queue size: 0'
INFO: 2025-09-12 22:24:52,246: get_throttling() 'Flickr: parsing serverside options'
INFO: 2025-09-12 22:24:52,246: get_throttling() 'Flickr serverside options: {'min_fill_queue_interval': 1200, 'min_download_interval': 1200}'
INFO: 2025-09-12 22:24:52,246: download_one() 'Flickr: Filling queue'
INFO: 2025-09-12 22:24:52,246: fetch() 'Making flickr API call: https://api.flickr.com/services/rest/?method=flickr.photos.search&api_key=0553a848c09bcfd21d3a984d9408c04e&per_page=500&tag_mode=all&format=json&nojsoncallback=1&user_id=93647178@N00'
ERROR: 2025-09-12 22:24:52,332: download_one_from() 'Could not download wallpaper:'
Traceback (most recent call last):
  File "/usr/lib/python3.13/site-packages/variety/VarietyWindow.py", line 1166, in download_one_from
    file = downloader.download_one()
  File "/usr/lib/python3.13/site-packages/variety/plugins/downloaders/DefaultDownloader.py", line 141, in download_one
    items = self.fill_queue()
  File "/usr/lib/python3.13/site-packages/variety/FlickrDownloader.py", line 161, in fill_queue
    resp = FlickrDownloader.fetch(call)
  File "/usr/lib/python3.13/site-packages/variety/FlickrDownloader.py", line 74, in fetch
    return Util.fetch_json(call)
           ~~~~~~~~~~~~~~~^^^^^^
  File "/usr/lib/python3.13/site-packages/variety/Util.py", line 684, in fetch_json
    return Util.request(url, data, **request_kwargs).json()
           ~~~~~~~~~~~~^^^^^^^^^^^^^^^^^^^^^^^^^^^^^
  File "/usr/lib/python3.13/site-packages/variety/Util.py", line 663, in request
    r.raise_for_status()
    ~~~~~~~~~~~~~~~~~~^^
  File "/usr/lib/python3.13/site-packages/requests/models.py", line 1026, in raise_for_status
    raise HTTPError(http_error_msg, response=self)
requests.exceptions.HTTPError: 429 Client Error: Too Many Requests for url: https://api.flickr.com/services/rest/?method=flickr.photos.search&api_key=0553a848c09bcfd21d3a984d9408c04e&per_page=500&tag_mode=all&format=json&nojsoncallback=1&user_id=93647178@N00
INFO: 2025-09-12 22:24:54,246: trigger_download() 'Triggering download thread to check if download needed and possible'
INFO: 2025-09-12 22:27:54,247: get_throttling() 'Flickr: parsing serverside options'
INFO: 2025-09-12 22:27:54,247: get_throttling() 'Flickr serverside options: {'min_fill_queue_interval': 1200, 'min_download_interval': 1200}'
INFO: 2025-09-12 22:27:54,247: get_throttling() 'Flickr: parsing serverside options'
INFO: 2025-09-12 22:27:54,247: get_throttling() 'Flickr serverside options: {'min_fill_queue_interval': 1200, 'min_download_interval': 1200}'
INFO: 2025-09-12 22:27:54,247: download_one() 'Flickr: Downloading an image, config: user:www.flickr.com/photos/peter-levi/;user_id:93647178@N00;'
INFO: 2025-09-12 22:27:54,247: download_one() 'Flickr: Queue size: 0'
INFO: 2025-09-12 22:27:54,247: get_throttling() 'Flickr: parsing serverside options'
INFO: 2025-09-12 22:27:54,247: get_throttling() 'Flickr serverside options: {'min_fill_queue_interval': 1200, 'min_download_interval': 1200}'
INFO: 2025-09-12 22:27:54,247: download_one() 'Flickr: Filling queue'
INFO: 2025-09-12 22:27:54,247: fetch() 'Making flickr API call: https://api.flickr.com/services/rest/?method=flickr.photos.search&api_key=0553a848c09bcfd21d3a984d9408c04e&per_page=500&tag_mode=all&format=json&nojsoncallback=1&user_id=93647178@N00'
ERROR: 2025-09-12 22:27:54,329: download_one_from() 'Could not download wallpaper:'
Traceback (most recent call last):
  File "/usr/lib/python3.13/site-packages/variety/VarietyWindow.py", line 1166, in download_one_from
    file = downloader.download_one()
  File "/usr/lib/python3.13/site-packages/variety/plugins/downloaders/DefaultDownloader.py", line 141, in download_one
    items = self.fill_queue()
  File "/usr/lib/python3.13/site-packages/variety/FlickrDownloader.py", line 161, in fill_queue
    resp = FlickrDownloader.fetch(call)
  File "/usr/lib/python3.13/site-packages/variety/FlickrDownloader.py", line 74, in fetch
    return Util.fetch_json(call)
           ~~~~~~~~~~~~~~~^^^^^^
  File "/usr/lib/python3.13/site-packages/variety/Util.py", line 684, in fetch_json
    return Util.request(url, data, **request_kwargs).json()
           ~~~~~~~~~~~~^^^^^^^^^^^^^^^^^^^^^^^^^^^^^
  File "/usr/lib/python3.13/site-packages/variety/Util.py", line 663, in request
    r.raise_for_status()
    ~~~~~~~~~~~~~~~~~~^^
  File "/usr/lib/python3.13/site-packages/requests/models.py", line 1026, in raise_for_status
    raise HTTPError(http_error_msg, response=self)
requests.exceptions.HTTPError: 429 Client Error: Too Many Requests for url: https://api.flickr.com/services/rest/?method=flickr.photos.search&api_key=0553a848c09bcfd21d3a984d9408c04e&per_page=500&tag_mode=all&format=json&nojsoncallback=1&user_id=93647178@N00
INFO: 2025-09-12 22:29:52,246: regular_change_thread() 'regular_change changes wallpaper'
INFO: 2025-09-12 22:29:52,246: change_wallpaper() 'No images yet in prepared buffer, using some random image'
INFO: 2025-09-12 22:29:52,246: prepare_thread() 'Prepared buffer contains 0 images'
INFO: 2025-09-12 22:29:52,246: prepare_thread() 'Preparing some images'
INFO: 2025-09-12 22:29:52,246: change_wallpaper() 'No images found'
INFO: 2025-09-12 22:29:52,246: trigger_download() 'Triggering download thread to check if download needed and possible'
INFO: 2025-09-12 22:29:52,246: prepare_thread() 'After search prepared buffer contains 0 images'
INFO: 2025-09-12 22:29:52,246: get_throttling() 'Flickr: parsing serverside options'
INFO: 2025-09-12 22:29:52,246: get_throttling() 'Flickr serverside options: {'min_fill_queue_interval': 1200, 'min_download_interval': 1200}'
INFO: 2025-09-12 22:29:52,246: get_throttling() 'Flickr: parsing serverside options'
INFO: 2025-09-12 22:29:52,247: get_throttling() 'Flickr serverside options: {'min_fill_queue_interval': 1200, 'min_download_interval': 1200}'
INFO: 2025-09-12 22:29:52,247: download_one() 'Flickr: Downloading an image, config: user:www.flickr.com/photos/peter-levi/;user_id:93647178@N00;'
INFO: 2025-09-12 22:29:52,247: download_one() 'Flickr: Queue size: 0'
INFO: 2025-09-12 22:29:52,247: get_throttling() 'Flickr: parsing serverside options'
INFO: 2025-09-12 22:29:52,247: get_throttling() 'Flickr serverside options: {'min_fill_queue_interval': 1200, 'min_download_interval': 1200}'
INFO: 2025-09-12 22:29:52,247: download_one() 'Flickr: Filling queue'
INFO: 2025-09-12 22:29:52,247: fetch() 'Making flickr API call: https://api.flickr.com/services/rest/?method=flickr.photos.search&api_key=0553a848c09bcfd21d3a984d9408c04e&per_page=500&tag_mode=all&format=json&nojsoncallback=1&user_id=93647178@N00'
ERROR: 2025-09-12 22:29:52,324: download_one_from() 'Could not download wallpaper:'
Traceback (most recent call last):
  File "/usr/lib/python3.13/site-packages/variety/VarietyWindow.py", line 1166, in download_one_from
    file = downloader.download_one()
  File "/usr/lib/python3.13/site-packages/variety/plugins/downloaders/DefaultDownloader.py", line 141, in download_one
    items = self.fill_queue()
  File "/usr/lib/python3.13/site-packages/variety/FlickrDownloader.py", line 161, in fill_queue
    resp = FlickrDownloader.fetch(call)
  File "/usr/lib/python3.13/site-packages/variety/FlickrDownloader.py", line 74, in fetch
    return Util.fetch_json(call)
           ~~~~~~~~~~~~~~~^^^^^^
  File "/usr/lib/python3.13/site-packages/variety/Util.py", line 684, in fetch_json
    return Util.request(url, data, **request_kwargs).json()
           ~~~~~~~~~~~~^^^^^^^^^^^^^^^^^^^^^^^^^^^^^
  File "/usr/lib/python3.13/site-packages/variety/Util.py", line 663, in request
    r.raise_for_status()
    ~~~~~~~~~~~~~~~~~~^^
  File "/usr/lib/python3.13/site-packages/requests/models.py", line 1026, in raise_for_status
    raise HTTPError(http_error_msg, response=self)
requests.exceptions.HTTPError: 429 Client Error: Too Many Requests for url: https://api.flickr.com/services/rest/?method=flickr.photos.search&api_key=0553a848c09bcfd21d3a984d9408c04e&per_page=500&tag_mode=all&format=json&nojsoncallback=1&user_id=93647178@N00
INFO: 2025-09-12 22:29:54,246: trigger_download() 'Triggering download thread to check if download needed and possible'
INFO: 2025-09-12 22:32:54,247: get_throttling() 'Flickr: parsing serverside options'
INFO: 2025-09-12 22:32:54,247: get_throttling() 'Flickr serverside options: {'min_fill_queue_interval': 1200, 'min_download_interval': 1200}'
INFO: 2025-09-12 22:32:54,247: get_throttling() 'Flickr: parsing serverside options'
INFO: 2025-09-12 22:32:54,247: get_throttling() 'Flickr serverside options: {'min_fill_queue_interval': 1200, 'min_download_interval': 1200}'
INFO: 2025-09-12 22:32:54,247: download_one() 'Flickr: Downloading an image, config: user:www.flickr.com/photos/peter-levi/;user_id:93647178@N00;'
INFO: 2025-09-12 22:32:54,247: download_one() 'Flickr: Queue size: 0'
INFO: 2025-09-12 22:32:54,247: get_throttling() 'Flickr: parsing serverside options'
INFO: 2025-09-12 22:32:54,247: get_throttling() 'Flickr serverside options: {'min_fill_queue_interval': 1200, 'min_download_interval': 1200}'
INFO: 2025-09-12 22:32:54,247: download_one() 'Flickr: Filling queue'
INFO: 2025-09-12 22:32:54,247: fetch() 'Making flickr API call: https://api.flickr.com/services/rest/?method=flickr.photos.search&api_key=0553a848c09bcfd21d3a984d9408c04e&per_page=500&tag_mode=all&format=json&nojsoncallback=1&user_id=93647178@N00'
ERROR: 2025-09-12 22:32:54,327: download_one_from() 'Could not download wallpaper:'
Traceback (most recent call last):
  File "/usr/lib/python3.13/site-packages/variety/VarietyWindow.py", line 1166, in download_one_from
    file = downloader.download_one()
  File "/usr/lib/python3.13/site-packages/variety/plugins/downloaders/DefaultDownloader.py", line 141, in download_one
    items = self.fill_queue()
  File "/usr/lib/python3.13/site-packages/variety/FlickrDownloader.py", line 161, in fill_queue
    resp = FlickrDownloader.fetch(call)
  File "/usr/lib/python3.13/site-packages/variety/FlickrDownloader.py", line 74, in fetch
    return Util.fetch_json(call)
           ~~~~~~~~~~~~~~~^^^^^^
  File "/usr/lib/python3.13/site-packages/variety/Util.py", line 684, in fetch_json
    return Util.request(url, data, **request_kwargs).json()
           ~~~~~~~~~~~~^^^^^^^^^^^^^^^^^^^^^^^^^^^^^
  File "/usr/lib/python3.13/site-packages/variety/Util.py", line 663, in request
    r.raise_for_status()
    ~~~~~~~~~~~~~~~~~~^^
  File "/usr/lib/python3.13/site-packages/requests/models.py", line 1026, in raise_for_status
    raise HTTPError(http_error_msg, response=self)
requests.exceptions.HTTPError: 429 Client Error: Too Many Requests for url: https://api.flickr.com/services/rest/?method=flickr.photos.search&api_key=0553a848c09bcfd21d3a984d9408c04e&per_page=500&tag_mode=all&format=json&nojsoncallback=1&user_id=93647178@N00
INFO: 2025-09-12 22:34:52,246: regular_change_thread() 'regular_change changes wallpaper'
INFO: 2025-09-12 22:34:52,246: change_wallpaper() 'No images yet in prepared buffer, using some random image'
INFO: 2025-09-12 22:34:52,246: change_wallpaper() 'No images found'
INFO: 2025-09-12 22:34:52,246: prepare_thread() 'Prepared buffer contains 0 images'
INFO: 2025-09-12 22:34:52,246: prepare_thread() 'Preparing some images'
INFO: 2025-09-12 22:34:52,246: trigger_download() 'Triggering download thread to check if download needed and possible'
INFO: 2025-09-12 22:34:52,246: prepare_thread() 'After search prepared buffer contains 0 images'
INFO: 2025-09-12 22:34:52,247: get_throttling() 'Flickr: parsing serverside options'
INFO: 2025-09-12 22:34:52,247: get_throttling() 'Flickr serverside options: {'min_fill_queue_interval': 1200, 'min_download_interval': 1200}'
INFO: 2025-09-12 22:34:52,247: get_throttling() 'Flickr: parsing serverside options'
INFO: 2025-09-12 22:34:52,247: get_throttling() 'Flickr serverside options: {'min_fill_queue_interval': 1200, 'min_download_interval': 1200}'
INFO: 2025-09-12 22:34:52,247: download_one() 'Flickr: Downloading an image, config: user:www.flickr.com/photos/peter-levi/;user_id:93647178@N00;'
INFO: 2025-09-12 22:34:52,247: download_one() 'Flickr: Queue size: 0'
INFO: 2025-09-12 22:34:52,247: get_throttling() 'Flickr: parsing serverside options'
INFO: 2025-09-12 22:34:52,247: get_throttling() 'Flickr serverside options: {'min_fill_queue_interval': 1200, 'min_download_interval': 1200}'
INFO: 2025-09-12 22:34:52,247: download_one() 'Flickr: Queue empty, but max_queue_fills_per_hour of 20 reached, will try again later'
INFO: 2025-09-12 22:34:54,247: trigger_download() 'Triggering download thread to check if download needed and possible'
INFO: 2025-09-12 22:37:54,247: get_throttling() 'Flickr: parsing serverside options'
INFO: 2025-09-12 22:37:54,247: get_throttling() 'Flickr serverside options: {'min_fill_queue_interval': 1200, 'min_download_interval': 1200}'
INFO: 2025-09-12 22:37:54,247: get_throttling() 'Flickr: parsing serverside options'
INFO: 2025-09-12 22:37:54,247: get_throttling() 'Flickr serverside options: {'min_fill_queue_interval': 1200, 'min_download_interval': 1200}'
INFO: 2025-09-12 22:37:54,247: download_one() 'Flickr: Downloading an image, config: user:www.flickr.com/photos/peter-levi/;user_id:93647178@N00;'
INFO: 2025-09-12 22:37:54,247: download_one() 'Flickr: Queue size: 0'
INFO: 2025-09-12 22:37:54,247: get_throttling() 'Flickr: parsing serverside options'
INFO: 2025-09-12 22:37:54,247: get_throttling() 'Flickr serverside options: {'min_fill_queue_interval': 1200, 'min_download_interval': 1200}'
INFO: 2025-09-12 22:37:54,247: download_one() 'Flickr: Queue empty, but max_queue_fills_per_hour of 20 reached, will try again later'
INFO: 2025-09-12 22:39:52,246: regular_change_thread() 'regular_change changes wallpaper'
INFO: 2025-09-12 22:39:52,246: change_wallpaper() 'No images yet in prepared buffer, using some random image'
INFO: 2025-09-12 22:39:52,246: prepare_thread() 'Prepared buffer contains 0 images'
INFO: 2025-09-12 22:39:52,246: prepare_thread() 'Preparing some images'
INFO: 2025-09-12 22:39:52,247: change_wallpaper() 'No images found'
INFO: 2025-09-12 22:39:52,247: trigger_download() 'Triggering download thread to check if download needed and possible'
INFO: 2025-09-12 22:39:52,247: prepare_thread() 'After search prepared buffer contains 0 images'
INFO: 2025-09-12 22:39:52,247: get_throttling() 'Flickr: parsing serverside options'
INFO: 2025-09-12 22:39:52,247: get_throttling() 'Flickr serverside options: {'min_fill_queue_interval': 1200, 'min_download_interval': 1200}'
INFO: 2025-09-12 22:39:52,247: get_throttling() 'Flickr: parsing serverside options'
INFO: 2025-09-12 22:39:52,247: get_throttling() 'Flickr serverside options: {'min_fill_queue_interval': 1200, 'min_download_interval': 1200}'
INFO: 2025-09-12 22:39:52,247: download_one() 'Flickr: Downloading an image, config: user:www.flickr.com/photos/peter-levi/;user_id:93647178@N00;'
INFO: 2025-09-12 22:39:52,247: download_one() 'Flickr: Queue size: 0'
INFO: 2025-09-12 22:39:52,247: get_throttling() 'Flickr: parsing serverside options'
INFO: 2025-09-12 22:39:52,247: get_throttling() 'Flickr serverside options: {'min_fill_queue_interval': 1200, 'min_download_interval': 1200}'
INFO: 2025-09-12 22:39:52,247: download_one() 'Flickr: Queue empty, but max_queue_fills_per_hour of 20 reached, will try again later'
INFO: 2025-09-12 22:39:54,247: trigger_download() 'Triggering download thread to check if download needed and possible'
INFO: 2025-09-12 22:42:54,247: get_throttling() 'Flickr: parsing serverside options'
INFO: 2025-09-12 22:42:54,247: get_throttling() 'Flickr serverside options: {'min_fill_queue_interval': 1200, 'min_download_interval': 1200}'
INFO: 2025-09-12 22:42:54,247: get_throttling() 'Flickr: parsing serverside options'
INFO: 2025-09-12 22:42:54,247: get_throttling() 'Flickr serverside options: {'min_fill_queue_interval': 1200, 'min_download_interval': 1200}'
INFO: 2025-09-12 22:42:54,248: download_one() 'Flickr: Downloading an image, config: user:www.flickr.com/photos/peter-levi/;user_id:93647178@N00;'
INFO: 2025-09-12 22:42:54,248: download_one() 'Flickr: Queue size: 0'
INFO: 2025-09-12 22:42:54,248: get_throttling() 'Flickr: parsing serverside options'
INFO: 2025-09-12 22:42:54,248: get_throttling() 'Flickr serverside options: {'min_fill_queue_interval': 1200, 'min_download_interval': 1200}'
INFO: 2025-09-12 22:42:54,248: download_one() 'Flickr: Queue empty, but max_queue_fills_per_hour of 20 reached, will try again later'
INFO: 2025-09-12 22:44:42,081: process_command() 'Received command: ['--preferences']'
INFO: 2025-09-12 22:44:42,083: reload() 'Reloading preferences dialog'
INFO: 2025-09-12 22:44:52,246: regular_change_thread() 'regular_change changes wallpaper'
INFO: 2025-09-12 22:44:52,246: change_wallpaper() 'No images yet in prepared buffer, using some random image'
INFO: 2025-09-12 22:44:52,246: prepare_thread() 'Prepared buffer contains 0 images'
INFO: 2025-09-12 22:44:52,247: prepare_thread() 'Preparing some images'
INFO: 2025-09-12 22:44:52,247: change_wallpaper() 'No images found'
INFO: 2025-09-12 22:44:52,247: trigger_download() 'Triggering download thread to check if download needed and possible'
INFO: 2025-09-12 22:44:52,247: prepare_thread() 'After search prepared buffer contains 0 images'
INFO: 2025-09-12 22:44:52,247: get_throttling() 'Flickr: parsing serverside options'
INFO: 2025-09-12 22:44:52,247: get_throttling() 'Flickr serverside options: {'min_fill_queue_interval': 1200, 'min_download_interval': 1200}'
INFO: 2025-09-12 22:44:52,247: get_throttling() 'Flickr: parsing serverside options'
INFO: 2025-09-12 22:44:52,247: get_throttling() 'Flickr serverside options: {'min_fill_queue_interval': 1200, 'min_download_interval': 1200}'
INFO: 2025-09-12 22:44:52,247: download_one() 'Flickr: Downloading an image, config: user:www.flickr.com/photos/peter-levi/;user_id:93647178@N00;'
INFO: 2025-09-12 22:44:52,247: download_one() 'Flickr: Queue size: 0'
INFO: 2025-09-12 22:44:52,247: get_throttling() 'Flickr: parsing serverside options'
INFO: 2025-09-12 22:44:52,247: get_throttling() 'Flickr serverside options: {'min_fill_queue_interval': 1200, 'min_download_interval': 1200}'
INFO: 2025-09-12 22:44:52,247: download_one() 'Flickr: Filling queue'
INFO: 2025-09-12 22:44:52,247: fetch() 'Making flickr API call: https://api.flickr.com/services/rest/?method=flickr.photos.search&api_key=0553a848c09bcfd21d3a984d9408c04e&per_page=500&tag_mode=all&format=json&nojsoncallback=1&user_id=93647178@N00'
ERROR: 2025-09-12 22:44:52,328: download_one_from() 'Could not download wallpaper:'
Traceback (most recent call last):
  File "/usr/lib/python3.13/site-packages/variety/VarietyWindow.py", line 1166, in download_one_from
    file = downloader.download_one()
  File "/usr/lib/python3.13/site-packages/variety/plugins/downloaders/DefaultDownloader.py", line 141, in download_one
    items = self.fill_queue()
  File "/usr/lib/python3.13/site-packages/variety/FlickrDownloader.py", line 161, in fill_queue
    resp = FlickrDownloader.fetch(call)
  File "/usr/lib/python3.13/site-packages/variety/FlickrDownloader.py", line 74, in fetch
    return Util.fetch_json(call)
           ~~~~~~~~~~~~~~~^^^^^^
  File "/usr/lib/python3.13/site-packages/variety/Util.py", line 684, in fetch_json
    return Util.request(url, data, **request_kwargs).json()
           ~~~~~~~~~~~~^^^^^^^^^^^^^^^^^^^^^^^^^^^^^
  File "/usr/lib/python3.13/site-packages/variety/Util.py", line 663, in request
    r.raise_for_status()
    ~~~~~~~~~~~~~~~~~~^^
  File "/usr/lib/python3.13/site-packages/requests/models.py", line 1026, in raise_for_status
    raise HTTPError(http_error_msg, response=self)
requests.exceptions.HTTPError: 429 Client Error: Too Many Requests for url: https://api.flickr.com/services/rest/?method=flickr.photos.search&api_key=0553a848c09bcfd21d3a984d9408c04e&per_page=500&tag_mode=all&format=json&nojsoncallback=1&user_id=93647178@N00
INFO: 2025-09-12 22:44:54,248: trigger_download() 'Triggering download thread to check if download needed and possible'
INFO: 2025-09-12 22:44:56,904: apply() 'Applying preferences'
INFO: 2025-09-12 22:44:56,908: set_visible() 'Showing status icon'
INFO: 2025-09-12 22:44:56,908: set_from_theme_icon() 'Showing status icon variety-indicator from GTK theme'
INFO: 2025-09-12 22:44:56,908: log_options() 'Loaded options:'
INFO: 2025-09-12 22:44:56,908: log_options() 'change_enabled = True'
INFO: 2025-09-12 22:44:56,908: log_options() 'change_interval = 432000'
INFO: 2025-09-12 22:44:56,908: log_options() 'change_on_start = False'
INFO: 2025-09-12 22:44:56,908: log_options() 'clipboard_enabled = False'
INFO: 2025-09-12 22:44:56,908: log_options() 'clipboard_hosts = ['wallhaven.cc', 'wallpapers.net', 'flickr.com', 'imgur.com', 'deviantart.com', 'interfacelift.com', 'vladstudio.com', 'imageshack.us', 'deviantart.net', 'imageshack.com']'
INFO: 2025-09-12 22:44:56,908: log_options() 'clipboard_use_whitelist = True'
INFO: 2025-09-12 22:44:56,908: log_options() 'clock_date_font = Serif 30'
INFO: 2025-09-12 22:44:56,908: log_options() 'clock_enabled = False'
INFO: 2025-09-12 22:44:56,908: log_options() 'clock_filter = -density 100 -font `fc-match -f '%{file[0]}' '%CLOCK_FONT_NAME'` -pointsize %CLOCK_FONT_SIZE -gravity SouthEast -fill '#00000044' -annotate 0x0+[%HOFFSET+58]+[%VOFFSET+108] '%H:%M' -fill white -annotate 0x0+[%HOFFSET+60]+[%VOFFSET+110] '%H:%M' -font `fc-match -f '%{file[0]}' '%DATE_FONT_NAME'` -pointsize %DATE_FONT_SIZE -fill '#00000044' -annotate 0x0+[%HOFFSET+58]+[%VOFFSET+58] '%A, %B %d' -fill white -annotate 0x0+[%HOFFSET+60]+[%VOFFSET+60] '%A, %B %d''
INFO: 2025-09-12 22:44:56,908: log_options() 'clock_font = Serif 70'
INFO: 2025-09-12 22:44:56,908: log_options() 'configfile = /home/ted/.config/variety/variety.conf'
INFO: 2025-09-12 22:44:56,908: log_options() 'copyto_enabled = False'
INFO: 2025-09-12 22:44:56,908: log_options() 'copyto_folder = Default'
INFO: 2025-09-12 22:44:56,908: log_options() 'desired_color = [160, 160, 160]'
INFO: 2025-09-12 22:44:56,908: log_options() 'desired_color_enabled = False'
INFO: 2025-09-12 22:44:56,908: log_options() 'download_folder = /home/ted/.config/variety/Downloaded'
INFO: 2025-09-12 22:44:56,908: log_options() 'download_preference_ratio = 0.9'
INFO: 2025-09-12 22:44:56,908: log_options() 'favorites_folder = /home/ted/.config/variety/Favorites'
INFO: 2025-09-12 22:44:56,908: log_options() 'favorites_operations = [['Downloaded', 'Copy'], ['Fetched', 'Move'], ['Others', 'Copy']]'
INFO: 2025-09-12 22:44:56,908: log_options() 'fetched_folder = /home/ted/.config/variety/Fetched'
INFO: 2025-09-12 22:44:56,908: log_options() 'filters = [[False, 'Keep original', ''], [False, 'Grayscale', '-type Grayscale'], [False, 'Heavy blur', '-scale 20% -blur 0x10 -resize 500%'], [False, 'Soft blur', '-scale 20% -blur 0x2 -resize 500%'], [False, 'Oil painting', '-paint 8'], [False, 'Pointilism', '-spread 10 -noise 3'], [False, 'Pixellate', '-scale 3% -scale 3333%']]'
INFO: 2025-09-12 22:44:56,908: log_options() 'get_wallpaper_script = /home/ted/.config/variety/scripts/get_wallpaper'
INFO: 2025-09-12 22:44:56,908: log_options() 'icon = Light'
INFO: 2025-09-12 22:44:56,908: log_options() 'internet_enabled = True'
INFO: 2025-09-12 22:44:56,908: log_options() 'lightness_enabled = False'
INFO: 2025-09-12 22:44:56,908: log_options() 'lightness_mode = 0'
INFO: 2025-09-12 22:44:56,908: log_options() 'min_rating = 4'
INFO: 2025-09-12 22:44:56,908: log_options() 'min_rating_enabled = False'
INFO: 2025-09-12 22:44:56,908: log_options() 'min_size = 80'
INFO: 2025-09-12 22:44:56,908: log_options() 'min_size_enabled = False'
INFO: 2025-09-12 22:44:56,908: log_options() 'name_regex = .*'
INFO: 2025-09-12 22:44:56,908: log_options() 'name_regex_enabled = False'
INFO: 2025-09-12 22:44:56,908: log_options() 'quota_enabled = True'
INFO: 2025-09-12 22:44:56,908: log_options() 'quota_size = 1000'
INFO: 2025-09-12 22:44:56,908: log_options() 'quotes_authors = '
INFO: 2025-09-12 22:44:56,908: log_options() 'quotes_bg_color = [80, 80, 80]'
INFO: 2025-09-12 22:44:56,909: log_options() 'quotes_bg_opacity = 55'
INFO: 2025-09-12 22:44:56,909: log_options() 'quotes_change_enabled = False'
INFO: 2025-09-12 22:44:56,909: log_options() 'quotes_change_interval = 300'
INFO: 2025-09-12 22:44:56,909: log_options() 'quotes_disabled_sources = ['Urban Dictionary']'
INFO: 2025-09-12 22:44:56,909: log_options() 'quotes_enabled = False'
INFO: 2025-09-12 22:44:56,909: log_options() 'quotes_favorites_file = /home/ted/.config/variety/favorite_quotes.txt'
INFO: 2025-09-12 22:44:56,909: log_options() 'quotes_font = Serif 30'
INFO: 2025-09-12 22:44:56,909: log_options() 'quotes_hpos = 100'
INFO: 2025-09-12 22:44:56,909: log_options() 'quotes_max_length = 250'
INFO: 2025-09-12 22:44:56,909: log_options() 'quotes_tags = '
INFO: 2025-09-12 22:44:56,909: log_options() 'quotes_text_color = [255, 255, 255]'
INFO: 2025-09-12 22:44:56,909: log_options() 'quotes_text_shadow = False'
INFO: 2025-09-12 22:44:56,909: log_options() 'quotes_vpos = 40'
INFO: 2025-09-12 22:44:56,909: log_options() 'quotes_width = 70'
INFO: 2025-09-12 22:44:56,909: log_options() 'safe_mode = False'
INFO: 2025-09-12 22:44:56,909: log_options() 'set_wallpaper_script = /home/ted/.config/variety/scripts/set_wallpaper'
INFO: 2025-09-12 22:44:56,909: log_options() 'slideshow_custom_enabled = False'
INFO: 2025-09-12 22:44:56,909: log_options() 'slideshow_custom_folder = /home/ted/Pictures'
INFO: 2025-09-12 22:44:56,909: log_options() 'slideshow_downloads_enabled = False'
INFO: 2025-09-12 22:44:56,909: log_options() 'slideshow_fade = 0.4'
INFO: 2025-09-12 22:44:56,909: log_options() 'slideshow_favorites_enabled = True'
INFO: 2025-09-12 22:44:56,909: log_options() 'slideshow_mode = Fullscreen'
INFO: 2025-09-12 22:44:56,909: log_options() 'slideshow_monitor = All'
INFO: 2025-09-12 22:44:56,909: log_options() 'slideshow_pan = 0.05'
INFO: 2025-09-12 22:44:56,909: log_options() 'slideshow_seconds = 6.0'
INFO: 2025-09-12 22:44:56,909: log_options() 'slideshow_sort_order = Random'
INFO: 2025-09-12 22:44:56,909: log_options() 'slideshow_sources_enabled = True'
INFO: 2025-09-12 22:44:56,909: log_options() 'slideshow_zoom = 0.2'
INFO: 2025-09-12 22:44:56,909: log_options() 'smart_enabled = False'
INFO: 2025-09-12 22:44:56,909: log_options() 'smart_notice_shown = False'
INFO: 2025-09-12 22:44:56,909: log_options() 'smart_register_shown = False'
INFO: 2025-09-12 22:44:56,909: log_options() 'sources = [[True, 'favorites', 'The Favorites folder'], [True, 'fetched', 'The Fetched folder'], [True, 'folder', '/usr/share/backgrounds'], [True, 'flickr', 'user:www.flickr.com/photos/peter-levi/;user_id:93647178@N00;'], [False, 'apod', "NASA's Astronomy Picture of the Day"], [False, 'bing', 'Bing Photo of the Day'], [False, 'earthview', 'Google Earth View Wallpapers'], [False, 'natgeo', "National Geographic's photo of the day"], [False, 'unsplash', 'High-resolution photos from Unsplash.com']]'
INFO: 2025-09-12 22:44:56,909: log_options() 'stats_enabled = True'
INFO: 2025-09-12 22:44:56,909: log_options() 'stats_notice_shown = False'
INFO: 2025-09-12 22:44:56,909: log_options() 'sync_enabled = True'
INFO: 2025-09-12 22:44:56,909: log_options() 'use_landscape_enabled = True'
INFO: 2025-09-12 22:44:56,909: log_options() 'wallhaven_api_key = '
INFO: 2025-09-12 22:44:56,909: log_options() 'wallpaper_auto_rotate = False'
INFO: 2025-09-12 22:44:56,909: log_options() 'wallpaper_display_mode = os'
INFO: 2025-09-12 22:44:56,909: clear_prepared_queue() 'Clearing prepared queue'
INFO: 2025-09-12 22:44:56,909: update_indicator() 'Setting file info to: /usr/share/backgrounds/gnome/adwaita-l.jpg'
INFO: 2025-09-12 22:44:56,909: prepare_thread() 'Prepared buffer contains 0 images'
INFO: 2025-09-12 22:44:56,909: prepare_thread() 'Preparing some images'
INFO: 2025-09-12 22:44:56,909: trigger_download() 'Triggering download thread to check if download needed and possible'
INFO: 2025-09-12 22:44:56,909: prepare_thread() 'After search prepared buffer contains 0 images'
INFO: 2025-09-12 22:44:56,910: prepare_thread() 'Prepared buffer contains 0 images'
INFO: 2025-09-12 22:44:56,910: prepare_thread() 'Preparing some images'
INFO: 2025-09-12 22:44:56,910: trigger_download() 'Triggering download thread to check if download needed and possible'
INFO: 2025-09-12 22:44:56,910: prepare_thread() 'After search prepared buffer contains 0 images'
INFO: 2025-09-12 22:44:57,010: do_set_wp() 'Calling do_set_wp with /usr/share/backgrounds/gnome/adwaita-l.jpg, time: 1757738697.0104938'
INFO: 2025-09-12 22:44:57,010: do_set_wp() 'Missing file or bad permissions, will not use it: /usr/share/backgrounds/gnome/adwaita-l.jpg'
INFO: 2025-09-12 22:44:58,910: trigger_download() 'Triggering download thread to check if download needed and possible'
INFO: 2025-09-12 22:44:58,910: trigger_download() 'Triggering download thread to check if download needed and possible'
INFO: 2025-09-12 22:45:01,553: apply() 'Applying preferences'
ERROR: 2025-09-12 22:45:01,554: read_time() 'Could not understand interval'
Traceback (most recent call last):
  File "/usr/lib/python3.13/site-packages/variety/PreferencesVarietyDialog.py", line 566, in read_time
    interval = int(text_entry.get_text())
ValueError: invalid literal for int() with base 10: ''
INFO: 2025-09-12 22:45:01,557: set_visible() 'Showing status icon'
INFO: 2025-09-12 22:45:01,557: log_options() 'Loaded options:'
INFO: 2025-09-12 22:45:01,557: log_options() 'change_enabled = True'
INFO: 2025-09-12 22:45:01,557: log_options() 'change_interval = 432000'
INFO: 2025-09-12 22:45:01,557: log_options() 'change_on_start = False'
INFO: 2025-09-12 22:45:01,557: log_options() 'clipboard_enabled = False'
INFO: 2025-09-12 22:45:01,557: log_options() 'clipboard_hosts = ['wallhaven.cc', 'wallpapers.net', 'flickr.com', 'imgur.com', 'deviantart.com', 'interfacelift.com', 'vladstudio.com', 'imageshack.us', 'deviantart.net', 'imageshack.com']'
INFO: 2025-09-12 22:45:01,557: log_options() 'clipboard_use_whitelist = True'
INFO: 2025-09-12 22:45:01,557: log_options() 'clock_date_font = Serif 30'
INFO: 2025-09-12 22:45:01,557: log_options() 'clock_enabled = False'
INFO: 2025-09-12 22:45:01,557: log_options() 'clock_filter = -density 100 -font `fc-match -f '%{file[0]}' '%CLOCK_FONT_NAME'` -pointsize %CLOCK_FONT_SIZE -gravity SouthEast -fill '#00000044' -annotate 0x0+[%HOFFSET+58]+[%VOFFSET+108] '%H:%M' -fill white -annotate 0x0+[%HOFFSET+60]+[%VOFFSET+110] '%H:%M' -font `fc-match -f '%{file[0]}' '%DATE_FONT_NAME'` -pointsize %DATE_FONT_SIZE -fill '#00000044' -annotate 0x0+[%HOFFSET+58]+[%VOFFSET+58] '%A, %B %d' -fill white -annotate 0x0+[%HOFFSET+60]+[%VOFFSET+60] '%A, %B %d''
INFO: 2025-09-12 22:45:01,557: log_options() 'clock_font = Serif 70'
INFO: 2025-09-12 22:45:01,557: log_options() 'configfile = /home/ted/.config/variety/variety.conf'
INFO: 2025-09-12 22:45:01,557: log_options() 'copyto_enabled = False'
INFO: 2025-09-12 22:45:01,557: log_options() 'copyto_folder = Default'
INFO: 2025-09-12 22:45:01,557: log_options() 'desired_color = [160, 160, 160]'
INFO: 2025-09-12 22:45:01,557: log_options() 'desired_color_enabled = False'
INFO: 2025-09-12 22:45:01,557: log_options() 'download_folder = /home/ted/.config/variety/Downloaded'
INFO: 2025-09-12 22:45:01,557: log_options() 'download_preference_ratio = 0.9'
INFO: 2025-09-12 22:45:01,557: log_options() 'favorites_folder = /home/ted/.config/variety/Favorites'
INFO: 2025-09-12 22:45:01,557: log_options() 'favorites_operations = [['Downloaded', 'Copy'], ['Fetched', 'Move'], ['Others', 'Copy']]'
INFO: 2025-09-12 22:45:01,557: log_options() 'fetched_folder = /home/ted/.config/variety/Fetched'
INFO: 2025-09-12 22:45:01,557: log_options() 'filters = [[False, 'Keep original', ''], [False, 'Grayscale', '-type Grayscale'], [False, 'Heavy blur', '-scale 20% -blur 0x10 -resize 500%'], [False, 'Soft blur', '-scale 20% -blur 0x2 -resize 500%'], [False, 'Oil painting', '-paint 8'], [False, 'Pointilism', '-spread 10 -noise 3'], [False, 'Pixellate', '-scale 3% -scale 3333%']]'
INFO: 2025-09-12 22:45:01,557: log_options() 'get_wallpaper_script = /home/ted/.config/variety/scripts/get_wallpaper'
INFO: 2025-09-12 22:45:01,557: log_options() 'icon = Light'
INFO: 2025-09-12 22:45:01,557: log_options() 'internet_enabled = True'
INFO: 2025-09-12 22:45:01,558: log_options() 'lightness_enabled = False'
INFO: 2025-09-12 22:45:01,558: log_options() 'lightness_mode = 0'
INFO: 2025-09-12 22:45:01,558: log_options() 'min_rating = 4'
INFO: 2025-09-12 22:45:01,558: log_options() 'min_rating_enabled = False'
INFO: 2025-09-12 22:45:01,558: log_options() 'min_size = 80'
INFO: 2025-09-12 22:45:01,558: log_options() 'min_size_enabled = False'
INFO: 2025-09-12 22:45:01,558: log_options() 'name_regex = .*'
INFO: 2025-09-12 22:45:01,558: log_options() 'name_regex_enabled = False'
INFO: 2025-09-12 22:45:01,558: log_options() 'quota_enabled = True'
INFO: 2025-09-12 22:45:01,558: set_from_theme_icon() 'Showing status icon variety-indicator from GTK theme'
INFO: 2025-09-12 22:45:01,558: log_options() 'quota_size = 1000'
INFO: 2025-09-12 22:45:01,558: log_options() 'quotes_authors = '
INFO: 2025-09-12 22:45:01,558: log_options() 'quotes_bg_color = [80, 80, 80]'
INFO: 2025-09-12 22:45:01,558: log_options() 'quotes_bg_opacity = 55'
INFO: 2025-09-12 22:45:01,558: log_options() 'quotes_change_enabled = False'
INFO: 2025-09-12 22:45:01,558: log_options() 'quotes_change_interval = 300'
INFO: 2025-09-12 22:45:01,558: log_options() 'quotes_disabled_sources = ['Urban Dictionary']'
INFO: 2025-09-12 22:45:01,558: log_options() 'quotes_enabled = False'
INFO: 2025-09-12 22:45:01,558: log_options() 'quotes_favorites_file = /home/ted/.config/variety/favorite_quotes.txt'
INFO: 2025-09-12 22:45:01,558: log_options() 'quotes_font = Serif 30'
INFO: 2025-09-12 22:45:01,558: log_options() 'quotes_hpos = 100'
INFO: 2025-09-12 22:45:01,558: log_options() 'quotes_max_length = 250'
INFO: 2025-09-12 22:45:01,558: log_options() 'quotes_tags = '
INFO: 2025-09-12 22:45:01,558: log_options() 'quotes_text_color = [255, 255, 255]'
INFO: 2025-09-12 22:45:01,558: log_options() 'quotes_text_shadow = False'
INFO: 2025-09-12 22:45:01,558: log_options() 'quotes_vpos = 40'
INFO: 2025-09-12 22:45:01,558: log_options() 'quotes_width = 70'
INFO: 2025-09-12 22:45:01,558: log_options() 'safe_mode = False'
INFO: 2025-09-12 22:45:01,558: log_options() 'set_wallpaper_script = /home/ted/.config/variety/scripts/set_wallpaper'
INFO: 2025-09-12 22:45:01,558: log_options() 'slideshow_custom_enabled = False'
INFO: 2025-09-12 22:45:01,558: log_options() 'slideshow_custom_folder = /home/ted/Pictures'
INFO: 2025-09-12 22:45:01,558: log_options() 'slideshow_downloads_enabled = False'
INFO: 2025-09-12 22:45:01,558: log_options() 'slideshow_fade = 0.4'
INFO: 2025-09-12 22:45:01,558: log_options() 'slideshow_favorites_enabled = True'
INFO: 2025-09-12 22:45:01,558: log_options() 'slideshow_mode = Fullscreen'
INFO: 2025-09-12 22:45:01,558: log_options() 'slideshow_monitor = All'
INFO: 2025-09-12 22:45:01,558: log_options() 'slideshow_pan = 0.05'
INFO: 2025-09-12 22:45:01,558: log_options() 'slideshow_seconds = 6.0'
INFO: 2025-09-12 22:45:01,558: log_options() 'slideshow_sort_order = Random'
INFO: 2025-09-12 22:45:01,558: log_options() 'slideshow_sources_enabled = True'
INFO: 2025-09-12 22:45:01,558: log_options() 'slideshow_zoom = 0.2'
INFO: 2025-09-12 22:45:01,558: log_options() 'smart_enabled = False'
INFO: 2025-09-12 22:45:01,558: log_options() 'smart_notice_shown = False'
INFO: 2025-09-12 22:45:01,558: log_options() 'smart_register_shown = False'
INFO: 2025-09-12 22:45:01,558: log_options() 'sources = [[True, 'favorites', 'The Favorites folder'], [True, 'fetched', 'The Fetched folder'], [True, 'folder', '/usr/share/backgrounds'], [True, 'flickr', 'user:www.flickr.com/photos/peter-levi/;user_id:93647178@N00;'], [False, 'apod', "NASA's Astronomy Picture of the Day"], [False, 'bing', 'Bing Photo of the Day'], [False, 'earthview', 'Google Earth View Wallpapers'], [False, 'natgeo', "National Geographic's photo of the day"], [False, 'unsplash', 'High-resolution photos from Unsplash.com']]'
INFO: 2025-09-12 22:45:01,558: log_options() 'stats_enabled = True'
INFO: 2025-09-12 22:45:01,558: log_options() 'stats_notice_shown = False'
INFO: 2025-09-12 22:45:01,558: log_options() 'sync_enabled = True'
INFO: 2025-09-12 22:45:01,558: log_options() 'use_landscape_enabled = True'
INFO: 2025-09-12 22:45:01,558: log_options() 'wallhaven_api_key = '
INFO: 2025-09-12 22:45:01,558: log_options() 'wallpaper_auto_rotate = False'
INFO: 2025-09-12 22:45:01,558: log_options() 'wallpaper_display_mode = os'
INFO: 2025-09-12 22:45:01,558: reload_config() 'No need to clear prepared queue'
INFO: 2025-09-12 22:45:01,558: update_indicator() 'Setting file info to: /usr/share/backgrounds/gnome/adwaita-l.jpg'
INFO: 2025-09-12 22:45:01,559: prepare_thread() 'Prepared buffer contains 0 images'
INFO: 2025-09-12 22:45:01,559: prepare_thread() 'Preparing some images'
INFO: 2025-09-12 22:45:01,559: trigger_download() 'Triggering download thread to check if download needed and possible'
INFO: 2025-09-12 22:45:01,559: prepare_thread() 'After search prepared buffer contains 0 images'
INFO: 2025-09-12 22:45:01,659: do_set_wp() 'Calling do_set_wp with /usr/share/backgrounds/gnome/adwaita-l.jpg, time: 1757738701.6593595'
INFO: 2025-09-12 22:45:01,659: do_set_wp() 'Missing file or bad permissions, will not use it: /usr/share/backgrounds/gnome/adwaita-l.jpg'
INFO: 2025-09-12 22:45:03,560: trigger_download() 'Triggering download thread to check if download needed and possible'
INFO: 2025-09-12 22:45:06,328: apply() 'Applying preferences'
INFO: 2025-09-12 22:45:06,331: set_visible() 'Showing status icon'
INFO: 2025-09-12 22:45:06,331: set_from_theme_icon() 'Showing status icon variety-indicator from GTK theme'
INFO: 2025-09-12 22:45:06,332: log_options() 'Loaded options:'
INFO: 2025-09-12 22:45:06,332: log_options() 'change_enabled = True'
INFO: 2025-09-12 22:45:06,332: log_options() 'change_interval = 86400'
INFO: 2025-09-12 22:45:06,332: log_options() 'change_on_start = False'
INFO: 2025-09-12 22:45:06,332: log_options() 'clipboard_enabled = False'
INFO: 2025-09-12 22:45:06,332: log_options() 'clipboard_hosts = ['wallhaven.cc', 'wallpapers.net', 'flickr.com', 'imgur.com', 'deviantart.com', 'interfacelift.com', 'vladstudio.com', 'imageshack.us', 'deviantart.net', 'imageshack.com']'
INFO: 2025-09-12 22:45:06,332: log_options() 'clipboard_use_whitelist = True'
INFO: 2025-09-12 22:45:06,332: log_options() 'clock_date_font = Serif 30'
INFO: 2025-09-12 22:45:06,332: log_options() 'clock_enabled = False'
INFO: 2025-09-12 22:45:06,332: log_options() 'clock_filter = -density 100 -font `fc-match -f '%{file[0]}' '%CLOCK_FONT_NAME'` -pointsize %CLOCK_FONT_SIZE -gravity SouthEast -fill '#00000044' -annotate 0x0+[%HOFFSET+58]+[%VOFFSET+108] '%H:%M' -fill white -annotate 0x0+[%HOFFSET+60]+[%VOFFSET+110] '%H:%M' -font `fc-match -f '%{file[0]}' '%DATE_FONT_NAME'` -pointsize %DATE_FONT_SIZE -fill '#00000044' -annotate 0x0+[%HOFFSET+58]+[%VOFFSET+58] '%A, %B %d' -fill white -annotate 0x0+[%HOFFSET+60]+[%VOFFSET+60] '%A, %B %d''
INFO: 2025-09-12 22:45:06,332: log_options() 'clock_font = Serif 70'
INFO: 2025-09-12 22:45:06,332: log_options() 'configfile = /home/ted/.config/variety/variety.conf'
INFO: 2025-09-12 22:45:06,332: log_options() 'copyto_enabled = False'
INFO: 2025-09-12 22:45:06,332: log_options() 'copyto_folder = Default'
INFO: 2025-09-12 22:45:06,332: log_options() 'desired_color = [160, 160, 160]'
INFO: 2025-09-12 22:45:06,332: log_options() 'desired_color_enabled = False'
INFO: 2025-09-12 22:45:06,332: log_options() 'download_folder = /home/ted/.config/variety/Downloaded'
INFO: 2025-09-12 22:45:06,332: log_options() 'download_preference_ratio = 0.9'
INFO: 2025-09-12 22:45:06,332: log_options() 'favorites_folder = /home/ted/.config/variety/Favorites'
INFO: 2025-09-12 22:45:06,332: log_options() 'favorites_operations = [['Downloaded', 'Copy'], ['Fetched', 'Move'], ['Others', 'Copy']]'
INFO: 2025-09-12 22:45:06,332: log_options() 'fetched_folder = /home/ted/.config/variety/Fetched'
INFO: 2025-09-12 22:45:06,332: log_options() 'filters = [[False, 'Keep original', ''], [False, 'Grayscale', '-type Grayscale'], [False, 'Heavy blur', '-scale 20% -blur 0x10 -resize 500%'], [False, 'Soft blur', '-scale 20% -blur 0x2 -resize 500%'], [False, 'Oil painting', '-paint 8'], [False, 'Pointilism', '-spread 10 -noise 3'], [False, 'Pixellate', '-scale 3% -scale 3333%']]'
INFO: 2025-09-12 22:45:06,332: log_options() 'get_wallpaper_script = /home/ted/.config/variety/scripts/get_wallpaper'
INFO: 2025-09-12 22:45:06,332: log_options() 'icon = Light'
INFO: 2025-09-12 22:45:06,332: log_options() 'internet_enabled = True'
INFO: 2025-09-12 22:45:06,332: log_options() 'lightness_enabled = False'
INFO: 2025-09-12 22:45:06,332: log_options() 'lightness_mode = 0'
INFO: 2025-09-12 22:45:06,332: log_options() 'min_rating = 4'
INFO: 2025-09-12 22:45:06,332: log_options() 'min_rating_enabled = False'
INFO: 2025-09-12 22:45:06,332: log_options() 'min_size = 80'
INFO: 2025-09-12 22:45:06,332: log_options() 'min_size_enabled = False'
INFO: 2025-09-12 22:45:06,332: log_options() 'name_regex = .*'
INFO: 2025-09-12 22:45:06,332: log_options() 'name_regex_enabled = False'
INFO: 2025-09-12 22:45:06,332: log_options() 'quota_enabled = True'
INFO: 2025-09-12 22:45:06,332: log_options() 'quota_size = 1000'
INFO: 2025-09-12 22:45:06,332: log_options() 'quotes_authors = '
INFO: 2025-09-12 22:45:06,332: log_options() 'quotes_bg_color = [80, 80, 80]'
INFO: 2025-09-12 22:45:06,332: log_options() 'quotes_bg_opacity = 55'
INFO: 2025-09-12 22:45:06,332: log_options() 'quotes_change_enabled = False'
INFO: 2025-09-12 22:45:06,332: log_options() 'quotes_change_interval = 300'
INFO: 2025-09-12 22:45:06,332: log_options() 'quotes_disabled_sources = ['Urban Dictionary']'
INFO: 2025-09-12 22:45:06,332: log_options() 'quotes_enabled = False'
INFO: 2025-09-12 22:45:06,332: log_options() 'quotes_favorites_file = /home/ted/.config/variety/favorite_quotes.txt'
INFO: 2025-09-12 22:45:06,332: log_options() 'quotes_font = Serif 30'
INFO: 2025-09-12 22:45:06,332: log_options() 'quotes_hpos = 100'
INFO: 2025-09-12 22:45:06,332: log_options() 'quotes_max_length = 250'
INFO: 2025-09-12 22:45:06,332: log_options() 'quotes_tags = '
INFO: 2025-09-12 22:45:06,332: log_options() 'quotes_text_color = [255, 255, 255]'
INFO: 2025-09-12 22:45:06,332: log_options() 'quotes_text_shadow = False'
INFO: 2025-09-12 22:45:06,332: log_options() 'quotes_vpos = 40'
INFO: 2025-09-12 22:45:06,332: log_options() 'quotes_width = 70'
INFO: 2025-09-12 22:45:06,332: log_options() 'safe_mode = False'
INFO: 2025-09-12 22:45:06,332: log_options() 'set_wallpaper_script = /home/ted/.config/variety/scripts/set_wallpaper'
INFO: 2025-09-12 22:45:06,332: log_options() 'slideshow_custom_enabled = False'
INFO: 2025-09-12 22:45:06,332: log_options() 'slideshow_custom_folder = /home/ted/Pictures'
INFO: 2025-09-12 22:45:06,332: log_options() 'slideshow_downloads_enabled = False'
INFO: 2025-09-12 22:45:06,332: log_options() 'slideshow_fade = 0.4'
INFO: 2025-09-12 22:45:06,332: log_options() 'slideshow_favorites_enabled = True'
INFO: 2025-09-12 22:45:06,332: log_options() 'slideshow_mode = Fullscreen'
INFO: 2025-09-12 22:45:06,332: log_options() 'slideshow_monitor = All'
INFO: 2025-09-12 22:45:06,332: log_options() 'slideshow_pan = 0.05'
INFO: 2025-09-12 22:45:06,332: log_options() 'slideshow_seconds = 6.0'
INFO: 2025-09-12 22:45:06,332: log_options() 'slideshow_sort_order = Random'
INFO: 2025-09-12 22:45:06,332: log_options() 'slideshow_sources_enabled = True'
INFO: 2025-09-12 22:45:06,332: log_options() 'slideshow_zoom = 0.2'
INFO: 2025-09-12 22:45:06,332: log_options() 'smart_enabled = False'
INFO: 2025-09-12 22:45:06,332: log_options() 'smart_notice_shown = False'
INFO: 2025-09-12 22:45:06,333: log_options() 'smart_register_shown = False'
INFO: 2025-09-12 22:45:06,333: log_options() 'sources = [[True, 'favorites', 'The Favorites folder'], [True, 'fetched', 'The Fetched folder'], [True, 'folder', '/usr/share/backgrounds'], [True, 'flickr', 'user:www.flickr.com/photos/peter-levi/;user_id:93647178@N00;'], [False, 'apod', "NASA's Astronomy Picture of the Day"], [False, 'bing', 'Bing Photo of the Day'], [False, 'earthview', 'Google Earth View Wallpapers'], [False, 'natgeo', "National Geographic's photo of the day"], [False, 'unsplash', 'High-resolution photos from Unsplash.com']]'
INFO: 2025-09-12 22:45:06,333: log_options() 'stats_enabled = True'
INFO: 2025-09-12 22:45:06,333: log_options() 'stats_notice_shown = False'
INFO: 2025-09-12 22:45:06,333: log_options() 'sync_enabled = True'
INFO: 2025-09-12 22:45:06,333: log_options() 'use_landscape_enabled = True'
INFO: 2025-09-12 22:45:06,333: log_options() 'wallhaven_api_key = '
INFO: 2025-09-12 22:45:06,333: log_options() 'wallpaper_auto_rotate = False'
INFO: 2025-09-12 22:45:06,333: log_options() 'wallpaper_display_mode = os'
INFO: 2025-09-12 22:45:06,333: reload_config() 'No need to clear prepared queue'
INFO: 2025-09-12 22:45:06,333: update_indicator() 'Setting file info to: /usr/share/backgrounds/gnome/adwaita-l.jpg'
INFO: 2025-09-12 22:45:06,333: prepare_thread() 'Prepared buffer contains 0 images'
INFO: 2025-09-12 22:45:06,333: prepare_thread() 'Preparing some images'
INFO: 2025-09-12 22:45:06,334: trigger_download() 'Triggering download thread to check if download needed and possible'
INFO: 2025-09-12 22:45:06,334: prepare_thread() 'After search prepared buffer contains 0 images'
INFO: 2025-09-12 22:45:06,433: do_set_wp() 'Calling do_set_wp with /usr/share/backgrounds/gnome/adwaita-l.jpg, time: 1757738706.433717'
INFO: 2025-09-12 22:45:06,433: do_set_wp() 'Missing file or bad permissions, will not use it: /usr/share/backgrounds/gnome/adwaita-l.jpg'
INFO: 2025-09-12 22:45:07,287: apply() 'Applying preferences'
INFO: 2025-09-12 22:45:07,291: set_visible() 'Showing status icon'
INFO: 2025-09-12 22:45:07,291: set_from_theme_icon() 'Showing status icon variety-indicator from GTK theme'
INFO: 2025-09-12 22:45:07,291: log_options() 'Loaded options:'
INFO: 2025-09-12 22:45:07,291: log_options() 'change_enabled = True'
INFO: 2025-09-12 22:45:07,291: log_options() 'change_interval = 86400'
INFO: 2025-09-12 22:45:07,291: log_options() 'change_on_start = False'
INFO: 2025-09-12 22:45:07,291: log_options() 'clipboard_enabled = False'
INFO: 2025-09-12 22:45:07,291: log_options() 'clipboard_hosts = ['wallhaven.cc', 'wallpapers.net', 'flickr.com', 'imgur.com', 'deviantart.com', 'interfacelift.com', 'vladstudio.com', 'imageshack.us', 'deviantart.net', 'imageshack.com']'
INFO: 2025-09-12 22:45:07,291: log_options() 'clipboard_use_whitelist = True'
INFO: 2025-09-12 22:45:07,292: log_options() 'clock_date_font = Serif 30'
INFO: 2025-09-12 22:45:07,292: log_options() 'clock_enabled = False'
INFO: 2025-09-12 22:45:07,292: log_options() 'clock_filter = -density 100 -font `fc-match -f '%{file[0]}' '%CLOCK_FONT_NAME'` -pointsize %CLOCK_FONT_SIZE -gravity SouthEast -fill '#00000044' -annotate 0x0+[%HOFFSET+58]+[%VOFFSET+108] '%H:%M' -fill white -annotate 0x0+[%HOFFSET+60]+[%VOFFSET+110] '%H:%M' -font `fc-match -f '%{file[0]}' '%DATE_FONT_NAME'` -pointsize %DATE_FONT_SIZE -fill '#00000044' -annotate 0x0+[%HOFFSET+58]+[%VOFFSET+58] '%A, %B %d' -fill white -annotate 0x0+[%HOFFSET+60]+[%VOFFSET+60] '%A, %B %d''
INFO: 2025-09-12 22:45:07,292: log_options() 'clock_font = Serif 70'
INFO: 2025-09-12 22:45:07,292: log_options() 'configfile = /home/ted/.config/variety/variety.conf'
INFO: 2025-09-12 22:45:07,292: log_options() 'copyto_enabled = False'
INFO: 2025-09-12 22:45:07,292: log_options() 'copyto_folder = Default'
INFO: 2025-09-12 22:45:07,292: log_options() 'desired_color = [160, 160, 160]'
INFO: 2025-09-12 22:45:07,292: log_options() 'desired_color_enabled = False'
INFO: 2025-09-12 22:45:07,292: log_options() 'download_folder = /home/ted/.config/variety/Downloaded'
INFO: 2025-09-12 22:45:07,292: log_options() 'download_preference_ratio = 0.9'
INFO: 2025-09-12 22:45:07,292: log_options() 'favorites_folder = /home/ted/.config/variety/Favorites'
INFO: 2025-09-12 22:45:07,292: log_options() 'favorites_operations = [['Downloaded', 'Copy'], ['Fetched', 'Move'], ['Others', 'Copy']]'
INFO: 2025-09-12 22:45:07,292: log_options() 'fetched_folder = /home/ted/.config/variety/Fetched'
INFO: 2025-09-12 22:45:07,292: log_options() 'filters = [[False, 'Keep original', ''], [False, 'Grayscale', '-type Grayscale'], [False, 'Heavy blur', '-scale 20% -blur 0x10 -resize 500%'], [False, 'Soft blur', '-scale 20% -blur 0x2 -resize 500%'], [False, 'Oil painting', '-paint 8'], [False, 'Pointilism', '-spread 10 -noise 3'], [False, 'Pixellate', '-scale 3% -scale 3333%']]'
INFO: 2025-09-12 22:45:07,292: log_options() 'get_wallpaper_script = /home/ted/.config/variety/scripts/get_wallpaper'
INFO: 2025-09-12 22:45:07,292: log_options() 'icon = Light'
INFO: 2025-09-12 22:45:07,292: log_options() 'internet_enabled = True'
INFO: 2025-09-12 22:45:07,292: log_options() 'lightness_enabled = False'
INFO: 2025-09-12 22:45:07,292: log_options() 'lightness_mode = 0'
INFO: 2025-09-12 22:45:07,292: log_options() 'min_rating = 4'
INFO: 2025-09-12 22:45:07,292: log_options() 'min_rating_enabled = False'
INFO: 2025-09-12 22:45:07,292: log_options() 'min_size = 80'
INFO: 2025-09-12 22:45:07,292: log_options() 'min_size_enabled = False'
INFO: 2025-09-12 22:45:07,292: log_options() 'name_regex = .*'
INFO: 2025-09-12 22:45:07,292: log_options() 'name_regex_enabled = False'
INFO: 2025-09-12 22:45:07,292: log_options() 'quota_enabled = True'
INFO: 2025-09-12 22:45:07,292: log_options() 'quota_size = 1000'
INFO: 2025-09-12 22:45:07,292: log_options() 'quotes_authors = '
INFO: 2025-09-12 22:45:07,292: log_options() 'quotes_bg_color = [80, 80, 80]'
INFO: 2025-09-12 22:45:07,292: log_options() 'quotes_bg_opacity = 55'
INFO: 2025-09-12 22:45:07,292: log_options() 'quotes_change_enabled = False'
INFO: 2025-09-12 22:45:07,292: log_options() 'quotes_change_interval = 300'
INFO: 2025-09-12 22:45:07,292: log_options() 'quotes_disabled_sources = ['Urban Dictionary']'
INFO: 2025-09-12 22:45:07,292: log_options() 'quotes_enabled = False'
INFO: 2025-09-12 22:45:07,292: log_options() 'quotes_favorites_file = /home/ted/.config/variety/favorite_quotes.txt'
INFO: 2025-09-12 22:45:07,292: log_options() 'quotes_font = Serif 30'
INFO: 2025-09-12 22:45:07,292: log_options() 'quotes_hpos = 100'
INFO: 2025-09-12 22:45:07,292: log_options() 'quotes_max_length = 250'
INFO: 2025-09-12 22:45:07,292: log_options() 'quotes_tags = '
INFO: 2025-09-12 22:45:07,292: log_options() 'quotes_text_color = [255, 255, 255]'
INFO: 2025-09-12 22:45:07,292: log_options() 'quotes_text_shadow = False'
INFO: 2025-09-12 22:45:07,292: log_options() 'quotes_vpos = 40'
INFO: 2025-09-12 22:45:07,292: log_options() 'quotes_width = 70'
INFO: 2025-09-12 22:45:07,292: log_options() 'safe_mode = False'
INFO: 2025-09-12 22:45:07,292: log_options() 'set_wallpaper_script = /home/ted/.config/variety/scripts/set_wallpaper'
INFO: 2025-09-12 22:45:07,292: log_options() 'slideshow_custom_enabled = False'
INFO: 2025-09-12 22:45:07,292: log_options() 'slideshow_custom_folder = /home/ted/Pictures'
INFO: 2025-09-12 22:45:07,292: log_options() 'slideshow_downloads_enabled = False'
INFO: 2025-09-12 22:45:07,292: log_options() 'slideshow_fade = 0.4'
INFO: 2025-09-12 22:45:07,292: log_options() 'slideshow_favorites_enabled = True'
INFO: 2025-09-12 22:45:07,292: log_options() 'slideshow_mode = Fullscreen'
INFO: 2025-09-12 22:45:07,292: log_options() 'slideshow_monitor = All'
INFO: 2025-09-12 22:45:07,292: log_options() 'slideshow_pan = 0.05'
INFO: 2025-09-12 22:45:07,292: log_options() 'slideshow_seconds = 6.0'
INFO: 2025-09-12 22:45:07,292: log_options() 'slideshow_sort_order = Random'
INFO: 2025-09-12 22:45:07,292: log_options() 'slideshow_sources_enabled = True'
INFO: 2025-09-12 22:45:07,292: log_options() 'slideshow_zoom = 0.2'
INFO: 2025-09-12 22:45:07,292: log_options() 'smart_enabled = False'
INFO: 2025-09-12 22:45:07,292: log_options() 'smart_notice_shown = False'
INFO: 2025-09-12 22:45:07,292: log_options() 'smart_register_shown = False'
INFO: 2025-09-12 22:45:07,292: log_options() 'sources = [[True, 'favorites', 'The Favorites folder'], [True, 'fetched', 'The Fetched folder'], [True, 'folder', '/usr/share/backgrounds'], [True, 'flickr', 'user:www.flickr.com/photos/peter-levi/;user_id:93647178@N00;'], [False, 'apod', "NASA's Astronomy Picture of the Day"], [False, 'bing', 'Bing Photo of the Day'], [False, 'earthview', 'Google Earth View Wallpapers'], [False, 'natgeo', "National Geographic's photo of the day"], [False, 'unsplash', 'High-resolution photos from Unsplash.com']]'
INFO: 2025-09-12 22:45:07,292: log_options() 'stats_enabled = True'
INFO: 2025-09-12 22:45:07,292: log_options() 'stats_notice_shown = False'
INFO: 2025-09-12 22:45:07,292: log_options() 'sync_enabled = True'
INFO: 2025-09-12 22:45:07,292: log_options() 'use_landscape_enabled = True'
INFO: 2025-09-12 22:45:07,292: log_options() 'wallhaven_api_key = '
INFO: 2025-09-12 22:45:07,292: log_options() 'wallpaper_auto_rotate = False'
INFO: 2025-09-12 22:45:07,292: log_options() 'wallpaper_display_mode = os'
INFO: 2025-09-12 22:45:07,292: reload_config() 'No need to clear prepared queue'
INFO: 2025-09-12 22:45:07,292: update_indicator() 'Setting file info to: /usr/share/backgrounds/gnome/adwaita-l.jpg'
INFO: 2025-09-12 22:45:07,293: prepare_thread() 'Prepared buffer contains 0 images'
INFO: 2025-09-12 22:45:07,293: prepare_thread() 'Preparing some images'
INFO: 2025-09-12 22:45:07,293: trigger_download() 'Triggering download thread to check if download needed and possible'
INFO: 2025-09-12 22:45:07,293: prepare_thread() 'After search prepared buffer contains 0 images'
INFO: 2025-09-12 22:45:07,433: do_set_wp() 'Calling do_set_wp with /usr/share/backgrounds/gnome/adwaita-l.jpg, time: 1757738707.4338768'
INFO: 2025-09-12 22:45:07,433: do_set_wp() 'Missing file or bad permissions, will not use it: /usr/share/backgrounds/gnome/adwaita-l.jpg'
INFO: 2025-09-12 22:45:07,449: apply() 'Applying preferences'
INFO: 2025-09-12 22:45:07,452: set_visible() 'Showing status icon'
INFO: 2025-09-12 22:45:07,452: set_from_theme_icon() 'Showing status icon variety-indicator from GTK theme'
INFO: 2025-09-12 22:45:07,452: log_options() 'Loaded options:'
INFO: 2025-09-12 22:45:07,452: log_options() 'change_enabled = True'
INFO: 2025-09-12 22:45:07,452: log_options() 'change_interval = 86400'
INFO: 2025-09-12 22:45:07,452: log_options() 'change_on_start = True'
INFO: 2025-09-12 22:45:07,452: log_options() 'clipboard_enabled = False'
INFO: 2025-09-12 22:45:07,452: log_options() 'clipboard_hosts = ['wallhaven.cc', 'wallpapers.net', 'flickr.com', 'imgur.com', 'deviantart.com', 'interfacelift.com', 'vladstudio.com', 'imageshack.us', 'deviantart.net', 'imageshack.com']'
INFO: 2025-09-12 22:45:07,452: log_options() 'clipboard_use_whitelist = True'
INFO: 2025-09-12 22:45:07,452: log_options() 'clock_date_font = Serif 30'
INFO: 2025-09-12 22:45:07,452: log_options() 'clock_enabled = False'
INFO: 2025-09-12 22:45:07,452: log_options() 'clock_filter = -density 100 -font `fc-match -f '%{file[0]}' '%CLOCK_FONT_NAME'` -pointsize %CLOCK_FONT_SIZE -gravity SouthEast -fill '#00000044' -annotate 0x0+[%HOFFSET+58]+[%VOFFSET+108] '%H:%M' -fill white -annotate 0x0+[%HOFFSET+60]+[%VOFFSET+110] '%H:%M' -font `fc-match -f '%{file[0]}' '%DATE_FONT_NAME'` -pointsize %DATE_FONT_SIZE -fill '#00000044' -annotate 0x0+[%HOFFSET+58]+[%VOFFSET+58] '%A, %B %d' -fill white -annotate 0x0+[%HOFFSET+60]+[%VOFFSET+60] '%A, %B %d''
INFO: 2025-09-12 22:45:07,452: log_options() 'clock_font = Serif 70'
INFO: 2025-09-12 22:45:07,452: log_options() 'configfile = /home/ted/.config/variety/variety.conf'
INFO: 2025-09-12 22:45:07,452: log_options() 'copyto_enabled = False'
INFO: 2025-09-12 22:45:07,452: log_options() 'copyto_folder = Default'
INFO: 2025-09-12 22:45:07,452: log_options() 'desired_color = [160, 160, 160]'
INFO: 2025-09-12 22:45:07,452: log_options() 'desired_color_enabled = False'
INFO: 2025-09-12 22:45:07,452: log_options() 'download_folder = /home/ted/.config/variety/Downloaded'
INFO: 2025-09-12 22:45:07,452: log_options() 'download_preference_ratio = 0.9'
INFO: 2025-09-12 22:45:07,452: log_options() 'favorites_folder = /home/ted/.config/variety/Favorites'
INFO: 2025-09-12 22:45:07,452: log_options() 'favorites_operations = [['Downloaded', 'Copy'], ['Fetched', 'Move'], ['Others', 'Copy']]'
INFO: 2025-09-12 22:45:07,452: log_options() 'fetched_folder = /home/ted/.config/variety/Fetched'
INFO: 2025-09-12 22:45:07,452: log_options() 'filters = [[False, 'Keep original', ''], [False, 'Grayscale', '-type Grayscale'], [False, 'Heavy blur', '-scale 20% -blur 0x10 -resize 500%'], [False, 'Soft blur', '-scale 20% -blur 0x2 -resize 500%'], [False, 'Oil painting', '-paint 8'], [False, 'Pointilism', '-spread 10 -noise 3'], [False, 'Pixellate', '-scale 3% -scale 3333%']]'
INFO: 2025-09-12 22:45:07,452: log_options() 'get_wallpaper_script = /home/ted/.config/variety/scripts/get_wallpaper'
INFO: 2025-09-12 22:45:07,452: log_options() 'icon = Light'
INFO: 2025-09-12 22:45:07,452: log_options() 'internet_enabled = True'
INFO: 2025-09-12 22:45:07,452: log_options() 'lightness_enabled = False'
INFO: 2025-09-12 22:45:07,452: log_options() 'lightness_mode = 0'
INFO: 2025-09-12 22:45:07,452: log_options() 'min_rating = 4'
INFO: 2025-09-12 22:45:07,452: log_options() 'min_rating_enabled = False'
INFO: 2025-09-12 22:45:07,452: log_options() 'min_size = 80'
INFO: 2025-09-12 22:45:07,452: log_options() 'min_size_enabled = False'
INFO: 2025-09-12 22:45:07,452: log_options() 'name_regex = .*'
INFO: 2025-09-12 22:45:07,452: log_options() 'name_regex_enabled = False'
INFO: 2025-09-12 22:45:07,452: log_options() 'quota_enabled = True'
INFO: 2025-09-12 22:45:07,452: log_options() 'quota_size = 1000'
INFO: 2025-09-12 22:45:07,452: log_options() 'quotes_authors = '
INFO: 2025-09-12 22:45:07,453: log_options() 'quotes_bg_color = [80, 80, 80]'
INFO: 2025-09-12 22:45:07,453: log_options() 'quotes_bg_opacity = 55'
INFO: 2025-09-12 22:45:07,453: log_options() 'quotes_change_enabled = False'
INFO: 2025-09-12 22:45:07,453: log_options() 'quotes_change_interval = 300'
INFO: 2025-09-12 22:45:07,453: log_options() 'quotes_disabled_sources = ['Urban Dictionary']'
INFO: 2025-09-12 22:45:07,453: log_options() 'quotes_enabled = False'
INFO: 2025-09-12 22:45:07,453: log_options() 'quotes_favorites_file = /home/ted/.config/variety/favorite_quotes.txt'
INFO: 2025-09-12 22:45:07,453: log_options() 'quotes_font = Serif 30'
INFO: 2025-09-12 22:45:07,453: log_options() 'quotes_hpos = 100'
INFO: 2025-09-12 22:45:07,453: log_options() 'quotes_max_length = 250'
INFO: 2025-09-12 22:45:07,453: log_options() 'quotes_tags = '
INFO: 2025-09-12 22:45:07,453: log_options() 'quotes_text_color = [255, 255, 255]'
INFO: 2025-09-12 22:45:07,453: log_options() 'quotes_text_shadow = False'
INFO: 2025-09-12 22:45:07,453: log_options() 'quotes_vpos = 40'
INFO: 2025-09-12 22:45:07,453: log_options() 'quotes_width = 70'
INFO: 2025-09-12 22:45:07,453: log_options() 'safe_mode = False'
INFO: 2025-09-12 22:45:07,453: log_options() 'set_wallpaper_script = /home/ted/.config/variety/scripts/set_wallpaper'
INFO: 2025-09-12 22:45:07,453: log_options() 'slideshow_custom_enabled = False'
INFO: 2025-09-12 22:45:07,453: log_options() 'slideshow_custom_folder = /home/ted/Pictures'
INFO: 2025-09-12 22:45:07,453: log_options() 'slideshow_downloads_enabled = False'
INFO: 2025-09-12 22:45:07,453: log_options() 'slideshow_fade = 0.4'
INFO: 2025-09-12 22:45:07,453: log_options() 'slideshow_favorites_enabled = True'
INFO: 2025-09-12 22:45:07,453: log_options() 'slideshow_mode = Fullscreen'
INFO: 2025-09-12 22:45:07,453: log_options() 'slideshow_monitor = All'
INFO: 2025-09-12 22:45:07,453: log_options() 'slideshow_pan = 0.05'
INFO: 2025-09-12 22:45:07,453: log_options() 'slideshow_seconds = 6.0'
INFO: 2025-09-12 22:45:07,453: log_options() 'slideshow_sort_order = Random'
INFO: 2025-09-12 22:45:07,453: log_options() 'slideshow_sources_enabled = True'
INFO: 2025-09-12 22:45:07,453: log_options() 'slideshow_zoom = 0.2'
INFO: 2025-09-12 22:45:07,453: log_options() 'smart_enabled = False'
INFO: 2025-09-12 22:45:07,453: log_options() 'smart_notice_shown = False'
INFO: 2025-09-12 22:45:07,453: log_options() 'smart_register_shown = False'
INFO: 2025-09-12 22:45:07,453: log_options() 'sources = [[True, 'favorites', 'The Favorites folder'], [True, 'fetched', 'The Fetched folder'], [True, 'folder', '/usr/share/backgrounds'], [True, 'flickr', 'user:www.flickr.com/photos/peter-levi/;user_id:93647178@N00;'], [False, 'apod', "NASA's Astronomy Picture of the Day"], [False, 'bing', 'Bing Photo of the Day'], [False, 'earthview', 'Google Earth View Wallpapers'], [False, 'natgeo', "National Geographic's photo of the day"], [False, 'unsplash', 'High-resolution photos from Unsplash.com']]'
INFO: 2025-09-12 22:45:07,453: log_options() 'stats_enabled = True'
INFO: 2025-09-12 22:45:07,453: log_options() 'stats_notice_shown = False'
INFO: 2025-09-12 22:45:07,453: log_options() 'sync_enabled = True'
INFO: 2025-09-12 22:45:07,453: log_options() 'use_landscape_enabled = True'
INFO: 2025-09-12 22:45:07,453: log_options() 'wallhaven_api_key = '
INFO: 2025-09-12 22:45:07,453: log_options() 'wallpaper_auto_rotate = False'
INFO: 2025-09-12 22:45:07,453: log_options() 'wallpaper_display_mode = os'
INFO: 2025-09-12 22:45:07,453: reload_config() 'No need to clear prepared queue'
INFO: 2025-09-12 22:45:07,453: update_indicator() 'Setting file info to: /usr/share/backgrounds/gnome/adwaita-l.jpg'
INFO: 2025-09-12 22:45:07,453: prepare_thread() 'Prepared buffer contains 0 images'
INFO: 2025-09-12 22:45:07,454: prepare_thread() 'Preparing some images'
INFO: 2025-09-12 22:45:07,454: trigger_download() 'Triggering download thread to check if download needed and possible'
INFO: 2025-09-12 22:45:07,454: prepare_thread() 'After search prepared buffer contains 0 images'
INFO: 2025-09-12 22:45:08,334: trigger_download() 'Triggering download thread to check if download needed and possible'
INFO: 2025-09-12 22:45:08,434: do_set_wp() 'Calling do_set_wp with /usr/share/backgrounds/gnome/adwaita-l.jpg, time: 1757738708.434181'
INFO: 2025-09-12 22:45:08,434: do_set_wp() 'Missing file or bad permissions, will not use it: /usr/share/backgrounds/gnome/adwaita-l.jpg'
INFO: 2025-09-12 22:45:09,294: trigger_download() 'Triggering download thread to check if download needed and possible'
INFO: 2025-09-12 22:45:09,454: trigger_download() 'Triggering download thread to check if download needed and possible'
INFO: 2025-09-12 22:45:37,483: apply() 'Applying preferences'
INFO: 2025-09-12 22:45:37,487: log_options() 'Loaded options:'
INFO: 2025-09-12 22:45:37,487: log_options() 'change_enabled = True'
INFO: 2025-09-12 22:45:37,487: log_options() 'change_interval = 86400'
INFO: 2025-09-12 22:45:37,487: log_options() 'change_on_start = True'
INFO: 2025-09-12 22:45:37,487: log_options() 'clipboard_enabled = False'
INFO: 2025-09-12 22:45:37,487: log_options() 'clipboard_hosts = ['wallhaven.cc', 'wallpapers.net', 'flickr.com', 'imgur.com', 'deviantart.com', 'interfacelift.com', 'vladstudio.com', 'imageshack.us', 'deviantart.net', 'imageshack.com']'
INFO: 2025-09-12 22:45:37,487: log_options() 'clipboard_use_whitelist = True'
INFO: 2025-09-12 22:45:37,487: log_options() 'clock_date_font = Serif 30'
INFO: 2025-09-12 22:45:37,487: log_options() 'clock_enabled = False'
INFO: 2025-09-12 22:45:37,487: log_options() 'clock_filter = -density 100 -font `fc-match -f '%{file[0]}' '%CLOCK_FONT_NAME'` -pointsize %CLOCK_FONT_SIZE -gravity SouthEast -fill '#00000044' -annotate 0x0+[%HOFFSET+58]+[%VOFFSET+108] '%H:%M' -fill white -annotate 0x0+[%HOFFSET+60]+[%VOFFSET+110] '%H:%M' -font `fc-match -f '%{file[0]}' '%DATE_FONT_NAME'` -pointsize %DATE_FONT_SIZE -fill '#00000044' -annotate 0x0+[%HOFFSET+58]+[%VOFFSET+58] '%A, %B %d' -fill white -annotate 0x0+[%HOFFSET+60]+[%VOFFSET+60] '%A, %B %d''
INFO: 2025-09-12 22:45:37,487: log_options() 'clock_font = Serif 70'
INFO: 2025-09-12 22:45:37,487: log_options() 'configfile = /home/ted/.config/variety/variety.conf'
INFO: 2025-09-12 22:45:37,487: log_options() 'copyto_enabled = False'
INFO: 2025-09-12 22:45:37,487: log_options() 'copyto_folder = Default'
INFO: 2025-09-12 22:45:37,487: log_options() 'desired_color = [160, 160, 160]'
INFO: 2025-09-12 22:45:37,487: log_options() 'desired_color_enabled = False'
INFO: 2025-09-12 22:45:37,487: log_options() 'download_folder = /home/ted/.config/variety/Downloaded'
INFO: 2025-09-12 22:45:37,487: log_options() 'download_preference_ratio = 0.9'
INFO: 2025-09-12 22:45:37,487: log_options() 'favorites_folder = /home/ted/.config/variety/Favorites'
INFO: 2025-09-12 22:45:37,487: log_options() 'favorites_operations = [['Downloaded', 'Copy'], ['Fetched', 'Move'], ['Others', 'Copy']]'
INFO: 2025-09-12 22:45:37,487: log_options() 'fetched_folder = /home/ted/.config/variety/Fetched'
INFO: 2025-09-12 22:45:37,487: log_options() 'filters = [[False, 'Keep original', ''], [False, 'Grayscale', '-type Grayscale'], [False, 'Heavy blur', '-scale 20% -blur 0x10 -resize 500%'], [False, 'Soft blur', '-scale 20% -blur 0x2 -resize 500%'], [False, 'Oil painting', '-paint 8'], [False, 'Pointilism', '-spread 10 -noise 3'], [False, 'Pixellate', '-scale 3% -scale 3333%']]'
INFO: 2025-09-12 22:45:37,487: log_options() 'get_wallpaper_script = /home/ted/.config/variety/scripts/get_wallpaper'
INFO: 2025-09-12 22:45:37,487: log_options() 'icon = Light'
INFO: 2025-09-12 22:45:37,487: log_options() 'internet_enabled = True'
INFO: 2025-09-12 22:45:37,487: log_options() 'lightness_enabled = False'
INFO: 2025-09-12 22:45:37,487: log_options() 'lightness_mode = 0'
INFO: 2025-09-12 22:45:37,487: log_options() 'min_rating = 4'
INFO: 2025-09-12 22:45:37,487: log_options() 'min_rating_enabled = False'
INFO: 2025-09-12 22:45:37,487: log_options() 'min_size = 80'
INFO: 2025-09-12 22:45:37,487: log_options() 'min_size_enabled = False'
INFO: 2025-09-12 22:45:37,487: log_options() 'name_regex = .*'
INFO: 2025-09-12 22:45:37,487: log_options() 'name_regex_enabled = False'
INFO: 2025-09-12 22:45:37,487: log_options() 'quota_enabled = True'
INFO: 2025-09-12 22:45:37,487: log_options() 'quota_size = 1000'
INFO: 2025-09-12 22:45:37,487: log_options() 'quotes_authors = '
INFO: 2025-09-12 22:45:37,487: log_options() 'quotes_bg_color = [80, 80, 80]'
INFO: 2025-09-12 22:45:37,487: log_options() 'quotes_bg_opacity = 55'
INFO: 2025-09-12 22:45:37,487: log_options() 'quotes_change_enabled = False'
INFO: 2025-09-12 22:45:37,487: log_options() 'quotes_change_interval = 300'
INFO: 2025-09-12 22:45:37,487: log_options() 'quotes_disabled_sources = ['Urban Dictionary']'
INFO: 2025-09-12 22:45:37,487: log_options() 'quotes_enabled = False'
INFO: 2025-09-12 22:45:37,487: log_options() 'quotes_favorites_file = /home/ted/.config/variety/favorite_quotes.txt'
INFO: 2025-09-12 22:45:37,487: log_options() 'quotes_font = Serif 30'
INFO: 2025-09-12 22:45:37,487: log_options() 'quotes_hpos = 100'
INFO: 2025-09-12 22:45:37,487: log_options() 'quotes_max_length = 250'
INFO: 2025-09-12 22:45:37,487: log_options() 'quotes_tags = '
INFO: 2025-09-12 22:45:37,487: log_options() 'quotes_text_color = [255, 255, 255]'
INFO: 2025-09-12 22:45:37,487: log_options() 'quotes_text_shadow = False'
INFO: 2025-09-12 22:45:37,487: log_options() 'quotes_vpos = 40'
INFO: 2025-09-12 22:45:37,487: log_options() 'quotes_width = 70'
INFO: 2025-09-12 22:45:37,487: log_options() 'safe_mode = False'
INFO: 2025-09-12 22:45:37,487: log_options() 'set_wallpaper_script = /home/ted/.config/variety/scripts/set_wallpaper'
INFO: 2025-09-12 22:45:37,487: log_options() 'slideshow_custom_enabled = False'
INFO: 2025-09-12 22:45:37,487: log_options() 'slideshow_custom_folder = /home/ted/Pictures'
INFO: 2025-09-12 22:45:37,487: log_options() 'slideshow_downloads_enabled = False'
INFO: 2025-09-12 22:45:37,487: log_options() 'slideshow_fade = 0.4'
INFO: 2025-09-12 22:45:37,487: log_options() 'slideshow_favorites_enabled = True'
INFO: 2025-09-12 22:45:37,487: log_options() 'slideshow_mode = Fullscreen'
INFO: 2025-09-12 22:45:37,487: log_options() 'slideshow_monitor = All'
INFO: 2025-09-12 22:45:37,487: log_options() 'slideshow_pan = 0.05'
INFO: 2025-09-12 22:45:37,487: log_options() 'slideshow_seconds = 6.0'
INFO: 2025-09-12 22:45:37,487: log_options() 'slideshow_sort_order = Random'
INFO: 2025-09-12 22:45:37,487: log_options() 'slideshow_sources_enabled = True'
INFO: 2025-09-12 22:45:37,487: log_options() 'slideshow_zoom = 0.2'
INFO: 2025-09-12 22:45:37,487: log_options() 'smart_enabled = False'
INFO: 2025-09-12 22:45:37,488: log_options() 'smart_notice_shown = False'
INFO: 2025-09-12 22:45:37,488: log_options() 'smart_register_shown = False'
INFO: 2025-09-12 22:45:37,488: log_options() 'sources = [[True, 'favorites', 'The Favorites folder'], [True, 'fetched', 'The Fetched folder'], [True, 'folder', '/usr/share/backgrounds'], [False, 'flickr', 'user:www.flickr.com/photos/peter-levi/;user_id:93647178@N00;'], [False, 'apod', "NASA's Astronomy Picture of the Day"], [False, 'bing', 'Bing Photo of the Day'], [False, 'earthview', 'Google Earth View Wallpapers'], [False, 'natgeo', "National Geographic's photo of the day"], [False, 'unsplash', 'High-resolution photos from Unsplash.com']]'
INFO: 2025-09-12 22:45:37,488: log_options() 'stats_enabled = True'
INFO: 2025-09-12 22:45:37,488: log_options() 'stats_notice_shown = False'
INFO: 2025-09-12 22:45:37,488: log_options() 'sync_enabled = True'
INFO: 2025-09-12 22:45:37,488: log_options() 'use_landscape_enabled = True'
INFO: 2025-09-12 22:45:37,488: log_options() 'wallhaven_api_key = '
INFO: 2025-09-12 22:45:37,488: log_options() 'wallpaper_auto_rotate = False'
INFO: 2025-09-12 22:45:37,488: log_options() 'wallpaper_display_mode = os'
INFO: 2025-09-12 22:45:37,488: clear_prepared_queue() 'Clearing prepared queue'
INFO: 2025-09-12 22:45:37,488: update_indicator() 'Setting file info to: /usr/share/backgrounds/gnome/adwaita-l.jpg'
INFO: 2025-09-12 22:45:37,488: prepare_thread() 'Prepared buffer contains 0 images'
INFO: 2025-09-12 22:45:37,488: prepare_thread() 'Preparing some images'
INFO: 2025-09-12 22:45:37,488: prepare_thread() 'After search prepared buffer contains 0 images'
INFO: 2025-09-12 22:45:37,489: prepare_thread() 'Prepared buffer contains 0 images'
INFO: 2025-09-12 22:45:37,489: prepare_thread() 'Preparing some images'
INFO: 2025-09-12 22:45:37,489: prepare_thread() 'After search prepared buffer contains 0 images'
INFO: 2025-09-12 22:45:37,489: set_visible() 'Showing status icon'
INFO: 2025-09-12 22:45:37,489: set_from_theme_icon() 'Showing status icon variety-indicator from GTK theme'
INFO: 2025-09-12 22:45:37,589: do_set_wp() 'Calling do_set_wp with /usr/share/backgrounds/gnome/adwaita-l.jpg, time: 1757738737.589055'
INFO: 2025-09-12 22:45:37,589: do_set_wp() 'Missing file or bad permissions, will not use it: /usr/share/backgrounds/gnome/adwaita-l.jpg'
INFO: 2025-09-12 22:45:38,281: apply() 'Applying preferences'
INFO: 2025-09-12 22:45:38,285: set_visible() 'Showing status icon'
INFO: 2025-09-12 22:45:38,285: log_options() 'Loaded options:'
INFO: 2025-09-12 22:45:38,285: log_options() 'change_enabled = True'
INFO: 2025-09-12 22:45:38,285: log_options() 'change_interval = 86400'
INFO: 2025-09-12 22:45:38,285: log_options() 'change_on_start = True'
INFO: 2025-09-12 22:45:38,285: log_options() 'clipboard_enabled = False'
INFO: 2025-09-12 22:45:38,285: log_options() 'clipboard_hosts = ['wallhaven.cc', 'wallpapers.net', 'flickr.com', 'imgur.com', 'deviantart.com', 'interfacelift.com', 'vladstudio.com', 'imageshack.us', 'deviantart.net', 'imageshack.com']'
INFO: 2025-09-12 22:45:38,285: log_options() 'clipboard_use_whitelist = True'
INFO: 2025-09-12 22:45:38,285: log_options() 'clock_date_font = Serif 30'
INFO: 2025-09-12 22:45:38,285: log_options() 'clock_enabled = False'
INFO: 2025-09-12 22:45:38,285: log_options() 'clock_filter = -density 100 -font `fc-match -f '%{file[0]}' '%CLOCK_FONT_NAME'` -pointsize %CLOCK_FONT_SIZE -gravity SouthEast -fill '#00000044' -annotate 0x0+[%HOFFSET+58]+[%VOFFSET+108] '%H:%M' -fill white -annotate 0x0+[%HOFFSET+60]+[%VOFFSET+110] '%H:%M' -font `fc-match -f '%{file[0]}' '%DATE_FONT_NAME'` -pointsize %DATE_FONT_SIZE -fill '#00000044' -annotate 0x0+[%HOFFSET+58]+[%VOFFSET+58] '%A, %B %d' -fill white -annotate 0x0+[%HOFFSET+60]+[%VOFFSET+60] '%A, %B %d''
INFO: 2025-09-12 22:45:38,285: log_options() 'clock_font = Serif 70'
INFO: 2025-09-12 22:45:38,285: log_options() 'configfile = /home/ted/.config/variety/variety.conf'
INFO: 2025-09-12 22:45:38,285: log_options() 'copyto_enabled = False'
INFO: 2025-09-12 22:45:38,285: log_options() 'copyto_folder = Default'
INFO: 2025-09-12 22:45:38,285: log_options() 'desired_color = [160, 160, 160]'
INFO: 2025-09-12 22:45:38,285: log_options() 'desired_color_enabled = False'
INFO: 2025-09-12 22:45:38,285: log_options() 'download_folder = /home/ted/.config/variety/Downloaded'
INFO: 2025-09-12 22:45:38,285: log_options() 'download_preference_ratio = 0.9'
INFO: 2025-09-12 22:45:38,285: log_options() 'favorites_folder = /home/ted/.config/variety/Favorites'
INFO: 2025-09-12 22:45:38,285: log_options() 'favorites_operations = [['Downloaded', 'Copy'], ['Fetched', 'Move'], ['Others', 'Copy']]'
INFO: 2025-09-12 22:45:38,285: log_options() 'fetched_folder = /home/ted/.config/variety/Fetched'
INFO: 2025-09-12 22:45:38,285: log_options() 'filters = [[False, 'Keep original', ''], [False, 'Grayscale', '-type Grayscale'], [False, 'Heavy blur', '-scale 20% -blur 0x10 -resize 500%'], [False, 'Soft blur', '-scale 20% -blur 0x2 -resize 500%'], [False, 'Oil painting', '-paint 8'], [False, 'Pointilism', '-spread 10 -noise 3'], [False, 'Pixellate', '-scale 3% -scale 3333%']]'
INFO: 2025-09-12 22:45:38,285: set_from_theme_icon() 'Showing status icon variety-indicator from GTK theme'
INFO: 2025-09-12 22:45:38,285: log_options() 'get_wallpaper_script = /home/ted/.config/variety/scripts/get_wallpaper'
INFO: 2025-09-12 22:45:38,285: log_options() 'icon = Light'
INFO: 2025-09-12 22:45:38,285: log_options() 'internet_enabled = True'
INFO: 2025-09-12 22:45:38,285: log_options() 'lightness_enabled = False'
INFO: 2025-09-12 22:45:38,285: log_options() 'lightness_mode = 0'
INFO: 2025-09-12 22:45:38,285: log_options() 'min_rating = 4'
INFO: 2025-09-12 22:45:38,286: log_options() 'min_rating_enabled = False'
INFO: 2025-09-12 22:45:38,286: log_options() 'min_size = 80'
INFO: 2025-09-12 22:45:38,286: log_options() 'min_size_enabled = False'
INFO: 2025-09-12 22:45:38,286: log_options() 'name_regex = .*'
INFO: 2025-09-12 22:45:38,286: log_options() 'name_regex_enabled = False'
INFO: 2025-09-12 22:45:38,286: log_options() 'quota_enabled = True'
INFO: 2025-09-12 22:45:38,286: log_options() 'quota_size = 1000'
INFO: 2025-09-12 22:45:38,286: log_options() 'quotes_authors = '
INFO: 2025-09-12 22:45:38,286: log_options() 'quotes_bg_color = [80, 80, 80]'
INFO: 2025-09-12 22:45:38,286: log_options() 'quotes_bg_opacity = 55'
INFO: 2025-09-12 22:45:38,286: log_options() 'quotes_change_enabled = False'
INFO: 2025-09-12 22:45:38,286: log_options() 'quotes_change_interval = 300'
INFO: 2025-09-12 22:45:38,286: log_options() 'quotes_disabled_sources = ['Urban Dictionary']'
INFO: 2025-09-12 22:45:38,286: log_options() 'quotes_enabled = False'
INFO: 2025-09-12 22:45:38,286: log_options() 'quotes_favorites_file = /home/ted/.config/variety/favorite_quotes.txt'
INFO: 2025-09-12 22:45:38,286: log_options() 'quotes_font = Serif 30'
INFO: 2025-09-12 22:45:38,286: log_options() 'quotes_hpos = 100'
INFO: 2025-09-12 22:45:38,286: log_options() 'quotes_max_length = 250'
INFO: 2025-09-12 22:45:38,286: log_options() 'quotes_tags = '
INFO: 2025-09-12 22:45:38,286: log_options() 'quotes_text_color = [255, 255, 255]'
INFO: 2025-09-12 22:45:38,286: log_options() 'quotes_text_shadow = False'
INFO: 2025-09-12 22:45:38,286: log_options() 'quotes_vpos = 40'
INFO: 2025-09-12 22:45:38,286: log_options() 'quotes_width = 70'
INFO: 2025-09-12 22:45:38,286: log_options() 'safe_mode = False'
INFO: 2025-09-12 22:45:38,286: log_options() 'set_wallpaper_script = /home/ted/.config/variety/scripts/set_wallpaper'
INFO: 2025-09-12 22:45:38,286: log_options() 'slideshow_custom_enabled = False'
INFO: 2025-09-12 22:45:38,286: log_options() 'slideshow_custom_folder = /home/ted/Pictures'
INFO: 2025-09-12 22:45:38,286: log_options() 'slideshow_downloads_enabled = False'
INFO: 2025-09-12 22:45:38,286: log_options() 'slideshow_fade = 0.4'
INFO: 2025-09-12 22:45:38,286: log_options() 'slideshow_favorites_enabled = True'
INFO: 2025-09-12 22:45:38,286: log_options() 'slideshow_mode = Fullscreen'
INFO: 2025-09-12 22:45:38,286: log_options() 'slideshow_monitor = All'
INFO: 2025-09-12 22:45:38,286: log_options() 'slideshow_pan = 0.05'
INFO: 2025-09-12 22:45:38,286: log_options() 'slideshow_seconds = 6.0'
INFO: 2025-09-12 22:45:38,286: log_options() 'slideshow_sort_order = Random'
INFO: 2025-09-12 22:45:38,286: log_options() 'slideshow_sources_enabled = True'
INFO: 2025-09-12 22:45:38,286: log_options() 'slideshow_zoom = 0.2'
INFO: 2025-09-12 22:45:38,286: log_options() 'smart_enabled = False'
INFO: 2025-09-12 22:45:38,286: log_options() 'smart_notice_shown = False'
INFO: 2025-09-12 22:45:38,286: log_options() 'smart_register_shown = False'
INFO: 2025-09-12 22:45:38,286: log_options() 'sources = [[True, 'favorites', 'The Favorites folder'], [True, 'fetched', 'The Fetched folder'], [False, 'folder', '/usr/share/backgrounds'], [False, 'flickr', 'user:www.flickr.com/photos/peter-levi/;user_id:93647178@N00;'], [False, 'apod', "NASA's Astronomy Picture of the Day"], [False, 'bing', 'Bing Photo of the Day'], [False, 'earthview', 'Google Earth View Wallpapers'], [False, 'natgeo', "National Geographic's photo of the day"], [False, 'unsplash', 'High-resolution photos from Unsplash.com']]'
INFO: 2025-09-12 22:45:38,286: log_options() 'stats_enabled = True'
INFO: 2025-09-12 22:45:38,286: log_options() 'stats_notice_shown = False'
INFO: 2025-09-12 22:45:38,286: log_options() 'sync_enabled = True'
INFO: 2025-09-12 22:45:38,286: log_options() 'use_landscape_enabled = True'
INFO: 2025-09-12 22:45:38,286: log_options() 'wallhaven_api_key = '
INFO: 2025-09-12 22:45:38,286: log_options() 'wallpaper_auto_rotate = False'
INFO: 2025-09-12 22:45:38,286: log_options() 'wallpaper_display_mode = os'
INFO: 2025-09-12 22:45:38,286: clear_prepared_queue() 'Clearing prepared queue'
INFO: 2025-09-12 22:45:38,286: update_indicator() 'Setting file info to: /usr/share/backgrounds/gnome/adwaita-l.jpg'
INFO: 2025-09-12 22:45:38,286: prepare_thread() 'Prepared buffer contains 0 images'
INFO: 2025-09-12 22:45:38,286: prepare_thread() 'Preparing some images'
INFO: 2025-09-12 22:45:38,287: prepare_thread() 'After search prepared buffer contains 0 images'
INFO: 2025-09-12 22:45:38,287: prepare_thread() 'Prepared buffer contains 0 images'
INFO: 2025-09-12 22:45:38,287: prepare_thread() 'Preparing some images'
INFO: 2025-09-12 22:45:38,287: prepare_thread() 'After search prepared buffer contains 0 images'
INFO: 2025-09-12 22:45:38,589: do_set_wp() 'Calling do_set_wp with /usr/share/backgrounds/gnome/adwaita-l.jpg, time: 1757738738.5892892'
INFO: 2025-09-12 22:45:38,589: do_set_wp() 'Missing file or bad permissions, will not use it: /usr/share/backgrounds/gnome/adwaita-l.jpg'
INFO: 2025-09-12 22:45:38,856: apply() 'Applying preferences'
INFO: 2025-09-12 22:45:38,859: set_visible() 'Showing status icon'
INFO: 2025-09-12 22:45:38,859: log_options() 'Loaded options:'
INFO: 2025-09-12 22:45:38,859: set_from_theme_icon() 'Showing status icon variety-indicator from GTK theme'
INFO: 2025-09-12 22:45:38,859: log_options() 'change_enabled = True'
INFO: 2025-09-12 22:45:38,859: log_options() 'change_interval = 86400'
INFO: 2025-09-12 22:45:38,859: log_options() 'change_on_start = True'
INFO: 2025-09-12 22:45:38,859: log_options() 'clipboard_enabled = False'
INFO: 2025-09-12 22:45:38,859: log_options() 'clipboard_hosts = ['wallhaven.cc', 'wallpapers.net', 'flickr.com', 'imgur.com', 'deviantart.com', 'interfacelift.com', 'vladstudio.com', 'imageshack.us', 'deviantart.net', 'imageshack.com']'
INFO: 2025-09-12 22:45:38,859: log_options() 'clipboard_use_whitelist = True'
INFO: 2025-09-12 22:45:38,859: log_options() 'clock_date_font = Serif 30'
INFO: 2025-09-12 22:45:38,859: log_options() 'clock_enabled = False'
INFO: 2025-09-12 22:45:38,859: log_options() 'clock_filter = -density 100 -font `fc-match -f '%{file[0]}' '%CLOCK_FONT_NAME'` -pointsize %CLOCK_FONT_SIZE -gravity SouthEast -fill '#00000044' -annotate 0x0+[%HOFFSET+58]+[%VOFFSET+108] '%H:%M' -fill white -annotate 0x0+[%HOFFSET+60]+[%VOFFSET+110] '%H:%M' -font `fc-match -f '%{file[0]}' '%DATE_FONT_NAME'` -pointsize %DATE_FONT_SIZE -fill '#00000044' -annotate 0x0+[%HOFFSET+58]+[%VOFFSET+58] '%A, %B %d' -fill white -annotate 0x0+[%HOFFSET+60]+[%VOFFSET+60] '%A, %B %d''
INFO: 2025-09-12 22:45:38,859: log_options() 'clock_font = Serif 70'
INFO: 2025-09-12 22:45:38,859: log_options() 'configfile = /home/ted/.config/variety/variety.conf'
INFO: 2025-09-12 22:45:38,859: log_options() 'copyto_enabled = False'
INFO: 2025-09-12 22:45:38,859: log_options() 'copyto_folder = Default'
INFO: 2025-09-12 22:45:38,859: log_options() 'desired_color = [160, 160, 160]'
INFO: 2025-09-12 22:45:38,859: log_options() 'desired_color_enabled = False'
INFO: 2025-09-12 22:45:38,859: log_options() 'download_folder = /home/ted/.config/variety/Downloaded'
INFO: 2025-09-12 22:45:38,860: log_options() 'download_preference_ratio = 0.9'
INFO: 2025-09-12 22:45:38,860: log_options() 'favorites_folder = /home/ted/.config/variety/Favorites'
INFO: 2025-09-12 22:45:38,860: log_options() 'favorites_operations = [['Downloaded', 'Copy'], ['Fetched', 'Move'], ['Others', 'Copy']]'
INFO: 2025-09-12 22:45:38,860: log_options() 'fetched_folder = /home/ted/.config/variety/Fetched'
INFO: 2025-09-12 22:45:38,860: log_options() 'filters = [[False, 'Keep original', ''], [False, 'Grayscale', '-type Grayscale'], [False, 'Heavy blur', '-scale 20% -blur 0x10 -resize 500%'], [False, 'Soft blur', '-scale 20% -blur 0x2 -resize 500%'], [False, 'Oil painting', '-paint 8'], [False, 'Pointilism', '-spread 10 -noise 3'], [False, 'Pixellate', '-scale 3% -scale 3333%']]'
INFO: 2025-09-12 22:45:38,860: log_options() 'get_wallpaper_script = /home/ted/.config/variety/scripts/get_wallpaper'
INFO: 2025-09-12 22:45:38,860: log_options() 'icon = Light'
INFO: 2025-09-12 22:45:38,860: log_options() 'internet_enabled = True'
INFO: 2025-09-12 22:45:38,860: log_options() 'lightness_enabled = False'
INFO: 2025-09-12 22:45:38,860: log_options() 'lightness_mode = 0'
INFO: 2025-09-12 22:45:38,860: log_options() 'min_rating = 4'
INFO: 2025-09-12 22:45:38,860: log_options() 'min_rating_enabled = False'
INFO: 2025-09-12 22:45:38,860: log_options() 'min_size = 80'
INFO: 2025-09-12 22:45:38,860: log_options() 'min_size_enabled = False'
INFO: 2025-09-12 22:45:38,860: log_options() 'name_regex = .*'
INFO: 2025-09-12 22:45:38,860: log_options() 'name_regex_enabled = False'
INFO: 2025-09-12 22:45:38,860: log_options() 'quota_enabled = True'
INFO: 2025-09-12 22:45:38,860: log_options() 'quota_size = 1000'
INFO: 2025-09-12 22:45:38,860: log_options() 'quotes_authors = '
INFO: 2025-09-12 22:45:38,860: log_options() 'quotes_bg_color = [80, 80, 80]'
INFO: 2025-09-12 22:45:38,860: log_options() 'quotes_bg_opacity = 55'
INFO: 2025-09-12 22:45:38,860: log_options() 'quotes_change_enabled = False'
INFO: 2025-09-12 22:45:38,860: log_options() 'quotes_change_interval = 300'
INFO: 2025-09-12 22:45:38,860: log_options() 'quotes_disabled_sources = ['Urban Dictionary']'
INFO: 2025-09-12 22:45:38,860: log_options() 'quotes_enabled = False'
INFO: 2025-09-12 22:45:38,860: log_options() 'quotes_favorites_file = /home/ted/.config/variety/favorite_quotes.txt'
INFO: 2025-09-12 22:45:38,860: log_options() 'quotes_font = Serif 30'
INFO: 2025-09-12 22:45:38,860: log_options() 'quotes_hpos = 100'
INFO: 2025-09-12 22:45:38,860: log_options() 'quotes_max_length = 250'
INFO: 2025-09-12 22:45:38,860: log_options() 'quotes_tags = '
INFO: 2025-09-12 22:45:38,860: log_options() 'quotes_text_color = [255, 255, 255]'
INFO: 2025-09-12 22:45:38,860: log_options() 'quotes_text_shadow = False'
INFO: 2025-09-12 22:45:38,860: log_options() 'quotes_vpos = 40'
INFO: 2025-09-12 22:45:38,860: log_options() 'quotes_width = 70'
INFO: 2025-09-12 22:45:38,860: log_options() 'safe_mode = False'
INFO: 2025-09-12 22:45:38,860: log_options() 'set_wallpaper_script = /home/ted/.config/variety/scripts/set_wallpaper'
INFO: 2025-09-12 22:45:38,860: log_options() 'slideshow_custom_enabled = False'
INFO: 2025-09-12 22:45:38,860: log_options() 'slideshow_custom_folder = /home/ted/Pictures'
INFO: 2025-09-12 22:45:38,860: log_options() 'slideshow_downloads_enabled = False'
INFO: 2025-09-12 22:45:38,860: log_options() 'slideshow_fade = 0.4'
INFO: 2025-09-12 22:45:38,860: log_options() 'slideshow_favorites_enabled = True'
INFO: 2025-09-12 22:45:38,860: log_options() 'slideshow_mode = Fullscreen'
INFO: 2025-09-12 22:45:38,860: log_options() 'slideshow_monitor = All'
INFO: 2025-09-12 22:45:38,860: log_options() 'slideshow_pan = 0.05'
INFO: 2025-09-12 22:45:38,860: log_options() 'slideshow_seconds = 6.0'
INFO: 2025-09-12 22:45:38,860: log_options() 'slideshow_sort_order = Random'
INFO: 2025-09-12 22:45:38,860: log_options() 'slideshow_sources_enabled = True'
INFO: 2025-09-12 22:45:38,860: log_options() 'slideshow_zoom = 0.2'
INFO: 2025-09-12 22:45:38,860: log_options() 'smart_enabled = False'
INFO: 2025-09-12 22:45:38,860: log_options() 'smart_notice_shown = False'
INFO: 2025-09-12 22:45:38,860: log_options() 'smart_register_shown = False'
INFO: 2025-09-12 22:45:38,860: log_options() 'sources = [[True, 'favorites', 'The Favorites folder'], [False, 'fetched', 'The Fetched folder'], [False, 'folder', '/usr/share/backgrounds'], [False, 'flickr', 'user:www.flickr.com/photos/peter-levi/;user_id:93647178@N00;'], [False, 'apod', "NASA's Astronomy Picture of the Day"], [False, 'bing', 'Bing Photo of the Day'], [False, 'earthview', 'Google Earth View Wallpapers'], [False, 'natgeo', "National Geographic's photo of the day"], [False, 'unsplash', 'High-resolution photos from Unsplash.com']]'
INFO: 2025-09-12 22:45:38,860: log_options() 'stats_enabled = True'
INFO: 2025-09-12 22:45:38,860: log_options() 'stats_notice_shown = False'
INFO: 2025-09-12 22:45:38,860: log_options() 'sync_enabled = True'
INFO: 2025-09-12 22:45:38,860: log_options() 'use_landscape_enabled = True'
INFO: 2025-09-12 22:45:38,860: log_options() 'wallhaven_api_key = '
INFO: 2025-09-12 22:45:38,860: log_options() 'wallpaper_auto_rotate = False'
INFO: 2025-09-12 22:45:38,860: log_options() 'wallpaper_display_mode = os'
INFO: 2025-09-12 22:45:38,860: clear_prepared_queue() 'Clearing prepared queue'
INFO: 2025-09-12 22:45:38,860: update_indicator() 'Setting file info to: /usr/share/backgrounds/gnome/adwaita-l.jpg'
INFO: 2025-09-12 22:45:38,860: prepare_thread() 'Prepared buffer contains 0 images'
INFO: 2025-09-12 22:45:38,860: prepare_thread() 'Preparing some images'
INFO: 2025-09-12 22:45:38,861: prepare_thread() 'After search prepared buffer contains 0 images'
INFO: 2025-09-12 22:45:38,861: prepare_thread() 'Prepared buffer contains 0 images'
INFO: 2025-09-12 22:45:38,861: prepare_thread() 'Preparing some images'
INFO: 2025-09-12 22:45:38,862: prepare_thread() 'After search prepared buffer contains 0 images'
INFO: 2025-09-12 22:45:39,473: apply() 'Applying preferences'
INFO: 2025-09-12 22:45:39,476: set_visible() 'Showing status icon'
INFO: 2025-09-12 22:45:39,476: log_options() 'Loaded options:'
INFO: 2025-09-12 22:45:39,476: log_options() 'change_enabled = True'
INFO: 2025-09-12 22:45:39,476: log_options() 'change_interval = 86400'
INFO: 2025-09-12 22:45:39,476: log_options() 'change_on_start = True'
INFO: 2025-09-12 22:45:39,476: log_options() 'clipboard_enabled = False'
INFO: 2025-09-12 22:45:39,476: log_options() 'clipboard_hosts = ['wallhaven.cc', 'wallpapers.net', 'flickr.com', 'imgur.com', 'deviantart.com', 'interfacelift.com', 'vladstudio.com', 'imageshack.us', 'deviantart.net', 'imageshack.com']'
INFO: 2025-09-12 22:45:39,476: log_options() 'clipboard_use_whitelist = True'
INFO: 2025-09-12 22:45:39,476: log_options() 'clock_date_font = Serif 30'
INFO: 2025-09-12 22:45:39,476: log_options() 'clock_enabled = False'
INFO: 2025-09-12 22:45:39,476: set_from_theme_icon() 'Showing status icon variety-indicator from GTK theme'
INFO: 2025-09-12 22:45:39,476: log_options() 'clock_filter = -density 100 -font `fc-match -f '%{file[0]}' '%CLOCK_FONT_NAME'` -pointsize %CLOCK_FONT_SIZE -gravity SouthEast -fill '#00000044' -annotate 0x0+[%HOFFSET+58]+[%VOFFSET+108] '%H:%M' -fill white -annotate 0x0+[%HOFFSET+60]+[%VOFFSET+110] '%H:%M' -font `fc-match -f '%{file[0]}' '%DATE_FONT_NAME'` -pointsize %DATE_FONT_SIZE -fill '#00000044' -annotate 0x0+[%HOFFSET+58]+[%VOFFSET+58] '%A, %B %d' -fill white -annotate 0x0+[%HOFFSET+60]+[%VOFFSET+60] '%A, %B %d''
INFO: 2025-09-12 22:45:39,476: log_options() 'clock_font = Serif 70'
INFO: 2025-09-12 22:45:39,476: log_options() 'configfile = /home/ted/.config/variety/variety.conf'
INFO: 2025-09-12 22:45:39,476: log_options() 'copyto_enabled = False'
INFO: 2025-09-12 22:45:39,476: log_options() 'copyto_folder = Default'
INFO: 2025-09-12 22:45:39,476: log_options() 'desired_color = [160, 160, 160]'
INFO: 2025-09-12 22:45:39,476: log_options() 'desired_color_enabled = False'
INFO: 2025-09-12 22:45:39,476: log_options() 'download_folder = /home/ted/.config/variety/Downloaded'
INFO: 2025-09-12 22:45:39,476: log_options() 'download_preference_ratio = 0.9'
INFO: 2025-09-12 22:45:39,476: log_options() 'favorites_folder = /home/ted/.config/variety/Favorites'
INFO: 2025-09-12 22:45:39,476: log_options() 'favorites_operations = [['Downloaded', 'Copy'], ['Fetched', 'Move'], ['Others', 'Copy']]'
INFO: 2025-09-12 22:45:39,476: log_options() 'fetched_folder = /home/ted/.config/variety/Fetched'
INFO: 2025-09-12 22:45:39,476: log_options() 'filters = [[False, 'Keep original', ''], [False, 'Grayscale', '-type Grayscale'], [False, 'Heavy blur', '-scale 20% -blur 0x10 -resize 500%'], [False, 'Soft blur', '-scale 20% -blur 0x2 -resize 500%'], [False, 'Oil painting', '-paint 8'], [False, 'Pointilism', '-spread 10 -noise 3'], [False, 'Pixellate', '-scale 3% -scale 3333%']]'
INFO: 2025-09-12 22:45:39,476: log_options() 'get_wallpaper_script = /home/ted/.config/variety/scripts/get_wallpaper'
INFO: 2025-09-12 22:45:39,476: log_options() 'icon = Light'
INFO: 2025-09-12 22:45:39,476: log_options() 'internet_enabled = True'
INFO: 2025-09-12 22:45:39,476: log_options() 'lightness_enabled = False'
INFO: 2025-09-12 22:45:39,476: log_options() 'lightness_mode = 0'
INFO: 2025-09-12 22:45:39,476: log_options() 'min_rating = 4'
INFO: 2025-09-12 22:45:39,476: log_options() 'min_rating_enabled = False'
INFO: 2025-09-12 22:45:39,476: log_options() 'min_size = 80'
INFO: 2025-09-12 22:45:39,476: log_options() 'min_size_enabled = False'
INFO: 2025-09-12 22:45:39,476: log_options() 'name_regex = .*'
INFO: 2025-09-12 22:45:39,476: log_options() 'name_regex_enabled = False'
INFO: 2025-09-12 22:45:39,476: log_options() 'quota_enabled = True'
INFO: 2025-09-12 22:45:39,476: log_options() 'quota_size = 1000'
INFO: 2025-09-12 22:45:39,476: log_options() 'quotes_authors = '
INFO: 2025-09-12 22:45:39,476: log_options() 'quotes_bg_color = [80, 80, 80]'
INFO: 2025-09-12 22:45:39,476: log_options() 'quotes_bg_opacity = 55'
INFO: 2025-09-12 22:45:39,477: log_options() 'quotes_change_enabled = False'
INFO: 2025-09-12 22:45:39,477: log_options() 'quotes_change_interval = 300'
INFO: 2025-09-12 22:45:39,477: log_options() 'quotes_disabled_sources = ['Urban Dictionary']'
INFO: 2025-09-12 22:45:39,477: log_options() 'quotes_enabled = False'
INFO: 2025-09-12 22:45:39,477: log_options() 'quotes_favorites_file = /home/ted/.config/variety/favorite_quotes.txt'
INFO: 2025-09-12 22:45:39,477: log_options() 'quotes_font = Serif 30'
INFO: 2025-09-12 22:45:39,477: log_options() 'quotes_hpos = 100'
INFO: 2025-09-12 22:45:39,477: log_options() 'quotes_max_length = 250'
INFO: 2025-09-12 22:45:39,477: log_options() 'quotes_tags = '
INFO: 2025-09-12 22:45:39,477: log_options() 'quotes_text_color = [255, 255, 255]'
INFO: 2025-09-12 22:45:39,477: log_options() 'quotes_text_shadow = False'
INFO: 2025-09-12 22:45:39,477: log_options() 'quotes_vpos = 40'
INFO: 2025-09-12 22:45:39,477: log_options() 'quotes_width = 70'
INFO: 2025-09-12 22:45:39,477: log_options() 'safe_mode = False'
INFO: 2025-09-12 22:45:39,477: log_options() 'set_wallpaper_script = /home/ted/.config/variety/scripts/set_wallpaper'
INFO: 2025-09-12 22:45:39,477: log_options() 'slideshow_custom_enabled = False'
INFO: 2025-09-12 22:45:39,477: log_options() 'slideshow_custom_folder = /home/ted/Pictures'
INFO: 2025-09-12 22:45:39,477: log_options() 'slideshow_downloads_enabled = False'
INFO: 2025-09-12 22:45:39,477: log_options() 'slideshow_fade = 0.4'
INFO: 2025-09-12 22:45:39,477: log_options() 'slideshow_favorites_enabled = True'
INFO: 2025-09-12 22:45:39,477: log_options() 'slideshow_mode = Fullscreen'
INFO: 2025-09-12 22:45:39,477: log_options() 'slideshow_monitor = All'
INFO: 2025-09-12 22:45:39,477: log_options() 'slideshow_pan = 0.05'
INFO: 2025-09-12 22:45:39,477: log_options() 'slideshow_seconds = 6.0'
INFO: 2025-09-12 22:45:39,477: log_options() 'slideshow_sort_order = Random'
INFO: 2025-09-12 22:45:39,477: log_options() 'slideshow_sources_enabled = True'
INFO: 2025-09-12 22:45:39,477: log_options() 'slideshow_zoom = 0.2'
INFO: 2025-09-12 22:45:39,477: log_options() 'smart_enabled = False'
INFO: 2025-09-12 22:45:39,477: log_options() 'smart_notice_shown = False'
INFO: 2025-09-12 22:45:39,477: log_options() 'smart_register_shown = False'
INFO: 2025-09-12 22:45:39,477: log_options() 'sources = [[False, 'favorites', 'The Favorites folder'], [False, 'fetched', 'The Fetched folder'], [False, 'folder', '/usr/share/backgrounds'], [False, 'flickr', 'user:www.flickr.com/photos/peter-levi/;user_id:93647178@N00;'], [False, 'apod', "NASA's Astronomy Picture of the Day"], [False, 'bing', 'Bing Photo of the Day'], [False, 'earthview', 'Google Earth View Wallpapers'], [False, 'natgeo', "National Geographic's photo of the day"], [False, 'unsplash', 'High-resolution photos from Unsplash.com']]'
INFO: 2025-09-12 22:45:39,477: log_options() 'stats_enabled = True'
INFO: 2025-09-12 22:45:39,477: log_options() 'stats_notice_shown = False'
INFO: 2025-09-12 22:45:39,477: log_options() 'sync_enabled = True'
INFO: 2025-09-12 22:45:39,477: log_options() 'use_landscape_enabled = True'
INFO: 2025-09-12 22:45:39,477: log_options() 'wallhaven_api_key = '
INFO: 2025-09-12 22:45:39,477: log_options() 'wallpaper_auto_rotate = False'
INFO: 2025-09-12 22:45:39,477: log_options() 'wallpaper_display_mode = os'
INFO: 2025-09-12 22:45:39,477: clear_prepared_queue() 'Clearing prepared queue'
INFO: 2025-09-12 22:45:39,477: update_indicator() 'Setting file info to: /usr/share/backgrounds/gnome/adwaita-l.jpg'
INFO: 2025-09-12 22:45:39,477: prepare_thread() 'Prepared buffer contains 0 images'
INFO: 2025-09-12 22:45:39,477: prepare_thread() 'Preparing some images'
INFO: 2025-09-12 22:45:39,477: prepare_thread() 'After search prepared buffer contains 0 images'
INFO: 2025-09-12 22:45:39,478: prepare_thread() 'Prepared buffer contains 0 images'
INFO: 2025-09-12 22:45:39,478: prepare_thread() 'Preparing some images'
INFO: 2025-09-12 22:45:39,478: prepare_thread() 'After search prepared buffer contains 0 images'
INFO: 2025-09-12 22:45:39,489: trigger_download() 'Triggering download thread to check if download needed and possible'
INFO: 2025-09-12 22:45:39,489: trigger_download() 'Triggering download thread to check if download needed and possible'
INFO: 2025-09-12 22:45:39,589: do_set_wp() 'Calling do_set_wp with /usr/share/backgrounds/gnome/adwaita-l.jpg, time: 1757738739.5894392'
INFO: 2025-09-12 22:45:39,589: do_set_wp() 'Missing file or bad permissions, will not use it: /usr/share/backgrounds/gnome/adwaita-l.jpg'
INFO: 2025-09-12 22:45:40,287: trigger_download() 'Triggering download thread to check if download needed and possible'
INFO: 2025-09-12 22:45:40,287: trigger_download() 'Triggering download thread to check if download needed and possible'
INFO: 2025-09-12 22:45:40,861: trigger_download() 'Triggering download thread to check if download needed and possible'
INFO: 2025-09-12 22:45:40,862: trigger_download() 'Triggering download thread to check if download needed and possible'
INFO: 2025-09-12 22:45:41,477: trigger_download() 'Triggering download thread to check if download needed and possible'
INFO: 2025-09-12 22:45:41,478: trigger_download() 'Triggering download thread to check if download needed and possible'
INFO: 2025-09-12 22:46:26,849: apply() 'Applying preferences'
INFO: 2025-09-12 22:46:26,853: set_visible() 'Showing status icon'
INFO: 2025-09-12 22:46:26,853: log_options() 'Loaded options:'
INFO: 2025-09-12 22:46:26,853: log_options() 'change_enabled = True'
INFO: 2025-09-12 22:46:26,853: log_options() 'change_interval = 86400'
INFO: 2025-09-12 22:46:26,853: log_options() 'change_on_start = True'
INFO: 2025-09-12 22:46:26,853: log_options() 'clipboard_enabled = False'
INFO: 2025-09-12 22:46:26,853: log_options() 'clipboard_hosts = ['wallhaven.cc', 'wallpapers.net', 'flickr.com', 'imgur.com', 'deviantart.com', 'interfacelift.com', 'vladstudio.com', 'imageshack.us', 'deviantart.net', 'imageshack.com']'
INFO: 2025-09-12 22:46:26,853: log_options() 'clipboard_use_whitelist = True'
INFO: 2025-09-12 22:46:26,853: log_options() 'clock_date_font = Serif 30'
INFO: 2025-09-12 22:46:26,853: log_options() 'clock_enabled = False'
INFO: 2025-09-12 22:46:26,853: log_options() 'clock_filter = -density 100 -font `fc-match -f '%{file[0]}' '%CLOCK_FONT_NAME'` -pointsize %CLOCK_FONT_SIZE -gravity SouthEast -fill '#00000044' -annotate 0x0+[%HOFFSET+58]+[%VOFFSET+108] '%H:%M' -fill white -annotate 0x0+[%HOFFSET+60]+[%VOFFSET+110] '%H:%M' -font `fc-match -f '%{file[0]}' '%DATE_FONT_NAME'` -pointsize %DATE_FONT_SIZE -fill '#00000044' -annotate 0x0+[%HOFFSET+58]+[%VOFFSET+58] '%A, %B %d' -fill white -annotate 0x0+[%HOFFSET+60]+[%VOFFSET+60] '%A, %B %d''
INFO: 2025-09-12 22:46:26,853: set_from_theme_icon() 'Showing status icon variety-indicator from GTK theme'
INFO: 2025-09-12 22:46:26,853: log_options() 'clock_font = Serif 70'
INFO: 2025-09-12 22:46:26,853: log_options() 'configfile = /home/ted/.config/variety/variety.conf'
INFO: 2025-09-12 22:46:26,853: log_options() 'copyto_enabled = False'
INFO: 2025-09-12 22:46:26,853: log_options() 'copyto_folder = Default'
INFO: 2025-09-12 22:46:26,853: log_options() 'desired_color = [160, 160, 160]'
INFO: 2025-09-12 22:46:26,853: log_options() 'desired_color_enabled = False'
INFO: 2025-09-12 22:46:26,854: log_options() 'download_folder = /home/ted/.config/variety/Downloaded'
INFO: 2025-09-12 22:46:26,854: log_options() 'download_preference_ratio = 0.9'
INFO: 2025-09-12 22:46:26,854: log_options() 'favorites_folder = /home/ted/.config/variety/Favorites'
INFO: 2025-09-12 22:46:26,854: log_options() 'favorites_operations = [['Downloaded', 'Copy'], ['Fetched', 'Move'], ['Others', 'Copy']]'
INFO: 2025-09-12 22:46:26,854: log_options() 'fetched_folder = /home/ted/.config/variety/Fetched'
INFO: 2025-09-12 22:46:26,854: log_options() 'filters = [[False, 'Keep original', ''], [False, 'Grayscale', '-type Grayscale'], [False, 'Heavy blur', '-scale 20% -blur 0x10 -resize 500%'], [False, 'Soft blur', '-scale 20% -blur 0x2 -resize 500%'], [False, 'Oil painting', '-paint 8'], [False, 'Pointilism', '-spread 10 -noise 3'], [False, 'Pixellate', '-scale 3% -scale 3333%']]'
INFO: 2025-09-12 22:46:26,854: log_options() 'get_wallpaper_script = /home/ted/.config/variety/scripts/get_wallpaper'
INFO: 2025-09-12 22:46:26,854: log_options() 'icon = Light'
INFO: 2025-09-12 22:46:26,854: log_options() 'internet_enabled = True'
INFO: 2025-09-12 22:46:26,854: log_options() 'lightness_enabled = False'
INFO: 2025-09-12 22:46:26,854: log_options() 'lightness_mode = 0'
INFO: 2025-09-12 22:46:26,854: log_options() 'min_rating = 4'
INFO: 2025-09-12 22:46:26,854: log_options() 'min_rating_enabled = False'
INFO: 2025-09-12 22:46:26,854: log_options() 'min_size = 80'
INFO: 2025-09-12 22:46:26,854: log_options() 'min_size_enabled = False'
INFO: 2025-09-12 22:46:26,854: log_options() 'name_regex = .*'
INFO: 2025-09-12 22:46:26,854: log_options() 'name_regex_enabled = False'
INFO: 2025-09-12 22:46:26,854: log_options() 'quota_enabled = True'
INFO: 2025-09-12 22:46:26,854: log_options() 'quota_size = 1000'
INFO: 2025-09-12 22:46:26,854: log_options() 'quotes_authors = '
INFO: 2025-09-12 22:46:26,854: log_options() 'quotes_bg_color = [80, 80, 80]'
INFO: 2025-09-12 22:46:26,854: log_options() 'quotes_bg_opacity = 55'
INFO: 2025-09-12 22:46:26,854: log_options() 'quotes_change_enabled = False'
INFO: 2025-09-12 22:46:26,854: log_options() 'quotes_change_interval = 300'
INFO: 2025-09-12 22:46:26,854: log_options() 'quotes_disabled_sources = ['Urban Dictionary']'
INFO: 2025-09-12 22:46:26,854: log_options() 'quotes_enabled = False'
INFO: 2025-09-12 22:46:26,854: log_options() 'quotes_favorites_file = /home/ted/.config/variety/favorite_quotes.txt'
INFO: 2025-09-12 22:46:26,854: log_options() 'quotes_font = Serif 30'
INFO: 2025-09-12 22:46:26,854: log_options() 'quotes_hpos = 100'
INFO: 2025-09-12 22:46:26,854: log_options() 'quotes_max_length = 250'
INFO: 2025-09-12 22:46:26,854: log_options() 'quotes_tags = '
INFO: 2025-09-12 22:46:26,854: log_options() 'quotes_text_color = [255, 255, 255]'
INFO: 2025-09-12 22:46:26,854: log_options() 'quotes_text_shadow = False'
INFO: 2025-09-12 22:46:26,854: log_options() 'quotes_vpos = 40'
INFO: 2025-09-12 22:46:26,854: log_options() 'quotes_width = 70'
INFO: 2025-09-12 22:46:26,854: log_options() 'safe_mode = False'
INFO: 2025-09-12 22:46:26,854: log_options() 'set_wallpaper_script = /home/ted/.config/variety/scripts/set_wallpaper'
INFO: 2025-09-12 22:46:26,854: log_options() 'slideshow_custom_enabled = False'
INFO: 2025-09-12 22:46:26,854: log_options() 'slideshow_custom_folder = /home/ted/Pictures'
INFO: 2025-09-12 22:46:26,854: log_options() 'slideshow_downloads_enabled = False'
INFO: 2025-09-12 22:46:26,854: log_options() 'slideshow_fade = 0.4'
INFO: 2025-09-12 22:46:26,854: log_options() 'slideshow_favorites_enabled = True'
INFO: 2025-09-12 22:46:26,854: log_options() 'slideshow_mode = Fullscreen'
INFO: 2025-09-12 22:46:26,854: log_options() 'slideshow_monitor = All'
INFO: 2025-09-12 22:46:26,854: log_options() 'slideshow_pan = 0.05'
INFO: 2025-09-12 22:46:26,854: log_options() 'slideshow_seconds = 6.0'
INFO: 2025-09-12 22:46:26,854: log_options() 'slideshow_sort_order = Random'
INFO: 2025-09-12 22:46:26,854: log_options() 'slideshow_sources_enabled = True'
INFO: 2025-09-12 22:46:26,854: log_options() 'slideshow_zoom = 0.2'
INFO: 2025-09-12 22:46:26,854: log_options() 'smart_enabled = False'
INFO: 2025-09-12 22:46:26,854: log_options() 'smart_notice_shown = False'
INFO: 2025-09-12 22:46:26,854: log_options() 'smart_register_shown = False'
INFO: 2025-09-12 22:46:26,854: log_options() 'sources = [[False, 'favorites', 'The Favorites folder'], [False, 'fetched', 'The Fetched folder'], [True, 'folder', '/usr/share/backgrounds'], [False, 'flickr', 'user:www.flickr.com/photos/peter-levi/;user_id:93647178@N00;'], [False, 'apod', "NASA's Astronomy Picture of the Day"], [False, 'bing', 'Bing Photo of the Day'], [False, 'earthview', 'Google Earth View Wallpapers'], [False, 'natgeo', "National Geographic's photo of the day"], [False, 'unsplash', 'High-resolution photos from Unsplash.com']]'
INFO: 2025-09-12 22:46:26,854: log_options() 'stats_enabled = True'
INFO: 2025-09-12 22:46:26,854: log_options() 'stats_notice_shown = False'
INFO: 2025-09-12 22:46:26,854: log_options() 'sync_enabled = True'
INFO: 2025-09-12 22:46:26,854: log_options() 'use_landscape_enabled = True'
INFO: 2025-09-12 22:46:26,854: log_options() 'wallhaven_api_key = '
INFO: 2025-09-12 22:46:26,854: log_options() 'wallpaper_auto_rotate = False'
INFO: 2025-09-12 22:46:26,854: log_options() 'wallpaper_display_mode = os'
INFO: 2025-09-12 22:46:26,854: clear_prepared_queue() 'Clearing prepared queue'
INFO: 2025-09-12 22:46:26,854: update_indicator() 'Setting file info to: /usr/share/backgrounds/gnome/adwaita-l.jpg'
INFO: 2025-09-12 22:46:26,854: prepare_thread() 'Prepared buffer contains 0 images'
INFO: 2025-09-12 22:46:26,854: prepare_thread() 'Preparing some images'
INFO: 2025-09-12 22:46:26,855: prepare_thread() 'After search prepared buffer contains 0 images'
INFO: 2025-09-12 22:46:26,855: prepare_thread() 'Prepared buffer contains 0 images'
INFO: 2025-09-12 22:46:26,855: prepare_thread() 'Preparing some images'
INFO: 2025-09-12 22:46:26,855: prepare_thread() 'After search prepared buffer contains 0 images'
INFO: 2025-09-12 22:46:26,955: do_set_wp() 'Calling do_set_wp with /usr/share/backgrounds/gnome/adwaita-l.jpg, time: 1757738786.955563'
INFO: 2025-09-12 22:46:26,955: do_set_wp() 'Missing file or bad permissions, will not use it: /usr/share/backgrounds/gnome/adwaita-l.jpg'
INFO: 2025-09-12 22:46:28,855: trigger_download() 'Triggering download thread to check if download needed and possible'
INFO: 2025-09-12 22:46:28,855: trigger_download() 'Triggering download thread to check if download needed and possible'
INFO: 2025-09-12 22:47:47,366: apply() 'Applying preferences'
INFO: 2025-09-12 22:47:47,369: set_visible() 'Showing status icon'
INFO: 2025-09-12 22:47:47,369: reload_config() 'Creating new downloader for type unsplash, location High-resolution photos from Unsplash.com'
INFO: 2025-09-12 22:47:47,369: set_from_theme_icon() 'Showing status icon variety-indicator from GTK theme'
INFO: 2025-09-12 22:47:47,369: makedirs() 'Creating folder /home/ted/.config/variety/Downloaded/Unsplash'
INFO: 2025-09-12 22:47:47,369: log_options() 'Loaded options:'
INFO: 2025-09-12 22:47:47,369: log_options() 'change_enabled = True'
INFO: 2025-09-12 22:47:47,370: log_options() 'change_interval = 86400'
INFO: 2025-09-12 22:47:47,370: log_options() 'change_on_start = True'
INFO: 2025-09-12 22:47:47,370: log_options() 'clipboard_enabled = False'
INFO: 2025-09-12 22:47:47,370: log_options() 'clipboard_hosts = ['wallhaven.cc', 'wallpapers.net', 'flickr.com', 'imgur.com', 'deviantart.com', 'interfacelift.com', 'vladstudio.com', 'imageshack.us', 'deviantart.net', 'imageshack.com']'
INFO: 2025-09-12 22:47:47,370: log_options() 'clipboard_use_whitelist = True'
INFO: 2025-09-12 22:47:47,370: log_options() 'clock_date_font = Serif 30'
INFO: 2025-09-12 22:47:47,370: log_options() 'clock_enabled = False'
INFO: 2025-09-12 22:47:47,370: log_options() 'clock_filter = -density 100 -font `fc-match -f '%{file[0]}' '%CLOCK_FONT_NAME'` -pointsize %CLOCK_FONT_SIZE -gravity SouthEast -fill '#00000044' -annotate 0x0+[%HOFFSET+58]+[%VOFFSET+108] '%H:%M' -fill white -annotate 0x0+[%HOFFSET+60]+[%VOFFSET+110] '%H:%M' -font `fc-match -f '%{file[0]}' '%DATE_FONT_NAME'` -pointsize %DATE_FONT_SIZE -fill '#00000044' -annotate 0x0+[%HOFFSET+58]+[%VOFFSET+58] '%A, %B %d' -fill white -annotate 0x0+[%HOFFSET+60]+[%VOFFSET+60] '%A, %B %d''
INFO: 2025-09-12 22:47:47,370: log_options() 'clock_font = Serif 70'
INFO: 2025-09-12 22:47:47,370: log_options() 'configfile = /home/ted/.config/variety/variety.conf'
INFO: 2025-09-12 22:47:47,370: log_options() 'copyto_enabled = False'
INFO: 2025-09-12 22:47:47,370: log_options() 'copyto_folder = Default'
INFO: 2025-09-12 22:47:47,370: log_options() 'desired_color = [160, 160, 160]'
INFO: 2025-09-12 22:47:47,370: log_options() 'desired_color_enabled = False'
INFO: 2025-09-12 22:47:47,370: log_options() 'download_folder = /home/ted/.config/variety/Downloaded'
INFO: 2025-09-12 22:47:47,370: log_options() 'download_preference_ratio = 0.9'
INFO: 2025-09-12 22:47:47,370: log_options() 'favorites_folder = /home/ted/.config/variety/Favorites'
INFO: 2025-09-12 22:47:47,370: log_options() 'favorites_operations = [['Downloaded', 'Copy'], ['Fetched', 'Move'], ['Others', 'Copy']]'
INFO: 2025-09-12 22:47:47,370: log_options() 'fetched_folder = /home/ted/.config/variety/Fetched'
INFO: 2025-09-12 22:47:47,370: log_options() 'filters = [[False, 'Keep original', ''], [False, 'Grayscale', '-type Grayscale'], [False, 'Heavy blur', '-scale 20% -blur 0x10 -resize 500%'], [False, 'Soft blur', '-scale 20% -blur 0x2 -resize 500%'], [False, 'Oil painting', '-paint 8'], [False, 'Pointilism', '-spread 10 -noise 3'], [False, 'Pixellate', '-scale 3% -scale 3333%']]'
INFO: 2025-09-12 22:47:47,370: log_options() 'get_wallpaper_script = /home/ted/.config/variety/scripts/get_wallpaper'
INFO: 2025-09-12 22:47:47,370: log_options() 'icon = Light'
INFO: 2025-09-12 22:47:47,370: log_options() 'internet_enabled = True'
INFO: 2025-09-12 22:47:47,370: log_options() 'lightness_enabled = False'
INFO: 2025-09-12 22:47:47,370: log_options() 'lightness_mode = 0'
INFO: 2025-09-12 22:47:47,370: log_options() 'min_rating = 4'
INFO: 2025-09-12 22:47:47,370: log_options() 'min_rating_enabled = False'
INFO: 2025-09-12 22:47:47,370: log_options() 'min_size = 80'
INFO: 2025-09-12 22:47:47,370: log_options() 'min_size_enabled = False'
INFO: 2025-09-12 22:47:47,370: log_options() 'name_regex = .*'
INFO: 2025-09-12 22:47:47,370: log_options() 'name_regex_enabled = False'
INFO: 2025-09-12 22:47:47,370: log_options() 'quota_enabled = True'
INFO: 2025-09-12 22:47:47,370: log_options() 'quota_size = 1000'
INFO: 2025-09-12 22:47:47,370: log_options() 'quotes_authors = '
INFO: 2025-09-12 22:47:47,370: log_options() 'quotes_bg_color = [80, 80, 80]'
INFO: 2025-09-12 22:47:47,370: log_options() 'quotes_bg_opacity = 55'
INFO: 2025-09-12 22:47:47,370: log_options() 'quotes_change_enabled = False'
INFO: 2025-09-12 22:47:47,370: log_options() 'quotes_change_interval = 300'
INFO: 2025-09-12 22:47:47,370: log_options() 'quotes_disabled_sources = ['Urban Dictionary']'
INFO: 2025-09-12 22:47:47,370: log_options() 'quotes_enabled = False'
INFO: 2025-09-12 22:47:47,370: log_options() 'quotes_favorites_file = /home/ted/.config/variety/favorite_quotes.txt'
INFO: 2025-09-12 22:47:47,370: log_options() 'quotes_font = Serif 30'
INFO: 2025-09-12 22:47:47,370: log_options() 'quotes_hpos = 100'
INFO: 2025-09-12 22:47:47,370: log_options() 'quotes_max_length = 250'
INFO: 2025-09-12 22:47:47,370: log_options() 'quotes_tags = '
INFO: 2025-09-12 22:47:47,370: log_options() 'quotes_text_color = [255, 255, 255]'
INFO: 2025-09-12 22:47:47,370: log_options() 'quotes_text_shadow = False'
INFO: 2025-09-12 22:47:47,370: log_options() 'quotes_vpos = 40'
INFO: 2025-09-12 22:47:47,370: log_options() 'quotes_width = 70'
INFO: 2025-09-12 22:47:47,370: log_options() 'safe_mode = False'
INFO: 2025-09-12 22:47:47,370: log_options() 'set_wallpaper_script = /home/ted/.config/variety/scripts/set_wallpaper'
INFO: 2025-09-12 22:47:47,370: log_options() 'slideshow_custom_enabled = False'
INFO: 2025-09-12 22:47:47,370: log_options() 'slideshow_custom_folder = /home/ted/Pictures'
INFO: 2025-09-12 22:47:47,370: log_options() 'slideshow_downloads_enabled = False'
INFO: 2025-09-12 22:47:47,370: log_options() 'slideshow_fade = 0.4'
INFO: 2025-09-12 22:47:47,370: log_options() 'slideshow_favorites_enabled = True'
INFO: 2025-09-12 22:47:47,370: log_options() 'slideshow_mode = Fullscreen'
INFO: 2025-09-12 22:47:47,370: log_options() 'slideshow_monitor = All'
INFO: 2025-09-12 22:47:47,370: log_options() 'slideshow_pan = 0.05'
INFO: 2025-09-12 22:47:47,370: log_options() 'slideshow_seconds = 6.0'
INFO: 2025-09-12 22:47:47,370: log_options() 'slideshow_sort_order = Random'
INFO: 2025-09-12 22:47:47,370: log_options() 'slideshow_sources_enabled = True'
INFO: 2025-09-12 22:47:47,370: log_options() 'slideshow_zoom = 0.2'
INFO: 2025-09-12 22:47:47,370: log_options() 'smart_enabled = False'
INFO: 2025-09-12 22:47:47,370: log_options() 'smart_notice_shown = False'
INFO: 2025-09-12 22:47:47,370: log_options() 'smart_register_shown = False'
INFO: 2025-09-12 22:47:47,370: log_options() 'sources = [[False, 'favorites', 'The Favorites folder'], [False, 'fetched', 'The Fetched folder'], [True, 'folder', '/usr/share/backgrounds'], [False, 'flickr', 'user:www.flickr.com/photos/peter-levi/;user_id:93647178@N00;'], [False, 'apod', "NASA's Astronomy Picture of the Day"], [False, 'bing', 'Bing Photo of the Day'], [False, 'earthview', 'Google Earth View Wallpapers'], [False, 'natgeo', "National Geographic's photo of the day"], [True, 'unsplash', 'High-resolution photos from Unsplash.com']]'
INFO: 2025-09-12 22:47:47,370: log_options() 'stats_enabled = True'
INFO: 2025-09-12 22:47:47,370: log_options() 'stats_notice_shown = False'
INFO: 2025-09-12 22:47:47,370: log_options() 'sync_enabled = True'
INFO: 2025-09-12 22:47:47,370: log_options() 'use_landscape_enabled = True'
INFO: 2025-09-12 22:47:47,370: log_options() 'wallhaven_api_key = '
INFO: 2025-09-12 22:47:47,370: log_options() 'wallpaper_auto_rotate = False'
INFO: 2025-09-12 22:47:47,370: log_options() 'wallpaper_display_mode = os'
INFO: 2025-09-12 22:47:47,370: clear_prepared_queue() 'Clearing prepared queue'
INFO: 2025-09-12 22:47:47,370: update_indicator() 'Setting file info to: /usr/share/backgrounds/gnome/adwaita-l.jpg'
INFO: 2025-09-12 22:47:47,371: prepare_thread() 'Prepared buffer contains 0 images'
INFO: 2025-09-12 22:47:47,371: prepare_thread() 'Preparing some images'
INFO: 2025-09-12 22:47:47,371: trigger_download() 'Triggering download thread to check if download needed and possible'
INFO: 2025-09-12 22:47:47,371: prepare_thread() 'After search prepared buffer contains 0 images'
INFO: 2025-09-12 22:47:47,371: get_throttling() 'Unsplash.com: parsing serverside options'
INFO: 2025-09-12 22:47:47,371: get_throttling() 'Unsplash.com serverside options: {'min_fill_queue_interval': 3600, 'min_download_interval': 1800}'
INFO: 2025-09-12 22:47:47,371: get_throttling() 'Unsplash.com: parsing serverside options'
INFO: 2025-09-12 22:47:47,371: get_throttling() 'Unsplash.com serverside options: {'min_fill_queue_interval': 3600, 'min_download_interval': 1800}'
INFO: 2025-09-12 22:47:47,371: download_one() 'Unsplash.com: Downloading an image, config: None'
INFO: 2025-09-12 22:47:47,371: download_one() 'Unsplash.com: Queue size: 0'
INFO: 2025-09-12 22:47:47,371: get_throttling() 'Unsplash.com: parsing serverside options'
INFO: 2025-09-12 22:47:47,371: get_throttling() 'Unsplash.com serverside options: {'min_fill_queue_interval': 3600, 'min_download_interval': 1800}'
INFO: 2025-09-12 22:47:47,371: download_one() 'Unsplash.com: Filling queue'
INFO: 2025-09-12 22:47:47,372: fill_queue() 'Filling Unsplash queue from https://api.unsplash.com/photos/random?count=30&client_id=072e5048dfcb73a8d9ad59fcf402471518ff8df725df462b0c4fa665f466515a&orientation=landscape'
INFO: 2025-09-12 22:47:47,372: prepare_thread() 'Prepared buffer contains 0 images'
INFO: 2025-09-12 22:47:47,373: prepare_thread() 'Preparing some images'
INFO: 2025-09-12 22:47:47,373: trigger_download() 'Triggering download thread to check if download needed and possible'
INFO: 2025-09-12 22:47:47,373: prepare_thread() 'After search prepared buffer contains 0 images'
INFO: 2025-09-12 22:47:47,473: do_set_wp() 'Calling do_set_wp with /usr/share/backgrounds/gnome/adwaita-l.jpg, time: 1757738867.473085'
INFO: 2025-09-12 22:47:47,473: do_set_wp() 'Missing file or bad permissions, will not use it: /usr/share/backgrounds/gnome/adwaita-l.jpg'
INFO: 2025-09-12 22:47:47,506: download_one() 'Unsplash.com: Queue populated with 30 URLs'
INFO: 2025-09-12 22:47:47,506: save_locally() 'Origin URL: https://unsplash.com/photos/dead-trees-in-a-desert-landscape-under-an-orange-sky-4KyaKbjgfqE?utm_source=Variety+Wallpaper+Changer&utm_medium=referral'
INFO: 2025-09-12 22:47:47,506: save_locally() 'Image URL: https://images.unsplash.com/photo-1755895926335-a113232e064f?crop=entropy&cs=srgb&fm=jpg&ixid=M3wxMjIxfDB8MXxyYW5kb218fHx8fHx8fHwxNzU3NzM4ODY5fA&ixlib=rb-4.1.0&q=85&w=4608'
INFO: 2025-09-12 22:47:47,506: save_locally() 'Local path: /home/ted/.config/variety/Downloaded/Unsplash/photo-1755895926335-a113232e064f.jpg'
INFO: 2025-09-12 22:47:47,602: save_locally() 'Download complete'
INFO: 2025-09-12 22:47:47,602: update_indicator() 'Setting file info to: /usr/share/backgrounds/gnome/adwaita-l.jpg'
INFO: 2025-09-12 22:47:47,603: download_one_from() 'Adding downloaded file /home/ted/.config/variety/Downloaded/Unsplash/photo-1755895926335-a113232e064f.jpg to unseen_downloads'
INFO: 2025-09-12 22:47:48,603: get_throttling() 'Unsplash.com: parsing serverside options'
INFO: 2025-09-12 22:47:48,603: get_throttling() 'Unsplash.com serverside options: {'min_fill_queue_interval': 3600, 'min_download_interval': 1800}'
INFO: 2025-09-12 22:47:48,603: get_throttling() 'Unsplash.com: parsing serverside options'
INFO: 2025-09-12 22:47:48,603: get_throttling() 'Unsplash.com serverside options: {'min_fill_queue_interval': 3600, 'min_download_interval': 1800}'
INFO: 2025-09-12 22:47:48,603: download_one() 'Unsplash.com: Downloading an image, config: None'
INFO: 2025-09-12 22:47:48,603: download_one() 'Unsplash.com: Queue size: 29'
INFO: 2025-09-12 22:47:48,603: download_one() 'Unsplash.com: Queue populated with 29 URLs'
INFO: 2025-09-12 22:47:48,603: save_locally() 'Origin URL: https://unsplash.com/photos/amusement-park-rides-silhouetted-against-a-vibrant-sunset-8ZwfNTOGCN8?utm_source=Variety+Wallpaper+Changer&utm_medium=referral'
INFO: 2025-09-12 22:47:48,603: save_locally() 'Image URL: https://images.unsplash.com/photo-1757478935204-1ef8fc7c4c3b?crop=entropy&cs=srgb&fm=jpg&ixid=M3wxMjIxfDB8MXxyYW5kb218fHx8fHx8fHwxNzU3NzM4ODY5fA&ixlib=rb-4.1.0&q=85&w=4608'
INFO: 2025-09-12 22:47:48,604: save_locally() 'Local path: /home/ted/.config/variety/Downloaded/Unsplash/photo-1757478935204-1ef8fc7c4c3b.jpg'
INFO: 2025-09-12 22:47:48,651: save_locally() 'Download complete'
INFO: 2025-09-12 22:47:48,651: update_indicator() 'Setting file info to: /usr/share/backgrounds/gnome/adwaita-l.jpg'
INFO: 2025-09-12 22:47:48,651: list_files() 'More than 1 files in the folders, stop listing'
INFO: 2025-09-12 22:47:48,652: download_one_from() 'Adding downloaded file /home/ted/.config/variety/Downloaded/Unsplash/photo-1757478935204-1ef8fc7c4c3b.jpg to unseen_downloads'
INFO: 2025-09-12 22:47:49,371: trigger_download() 'Triggering download thread to check if download needed and possible'
INFO: 2025-09-12 22:47:49,373: trigger_download() 'Triggering download thread to check if download needed and possible'
INFO: 2025-09-12 22:47:49,652: get_throttling() 'Unsplash.com: parsing serverside options'
INFO: 2025-09-12 22:47:49,652: get_throttling() 'Unsplash.com serverside options: {'min_fill_queue_interval': 3600, 'min_download_interval': 1800}'
INFO: 2025-09-12 22:47:49,652: get_throttling() 'Unsplash.com: parsing serverside options'
INFO: 2025-09-12 22:47:49,652: get_throttling() 'Unsplash.com serverside options: {'min_fill_queue_interval': 3600, 'min_download_interval': 1800}'
INFO: 2025-09-12 22:47:49,652: download_one() 'Unsplash.com: Downloading an image, config: None'
INFO: 2025-09-12 22:47:49,652: download_one() 'Unsplash.com: Queue size: 28'
INFO: 2025-09-12 22:47:49,652: download_one() 'Unsplash.com: Queue populated with 28 URLs'
INFO: 2025-09-12 22:47:49,652: save_locally() 'Origin URL: https://unsplash.com/photos/milky-way-galaxy-over-a-small-church-at-night-aV9UbHhJdrA?utm_source=Variety+Wallpaper+Changer&utm_medium=referral'
INFO: 2025-09-12 22:47:49,652: save_locally() 'Image URL: https://images.unsplash.com/photo-1756370382832-1c8fe9965d67?crop=entropy&cs=srgb&fm=jpg&ixid=M3wxMjIxfDB8MXxyYW5kb218fHx8fHx8fHwxNzU3NzM4ODY5fA&ixlib=rb-4.1.0&q=85&w=4608'
INFO: 2025-09-12 22:47:49,652: save_locally() 'Local path: /home/ted/.config/variety/Downloaded/Unsplash/photo-1756370382832-1c8fe9965d67.jpg'
INFO: 2025-09-12 22:47:49,766: save_locally() 'Download complete'
INFO: 2025-09-12 22:47:49,767: update_indicator() 'Setting file info to: /usr/share/backgrounds/gnome/adwaita-l.jpg'
INFO: 2025-09-12 22:47:49,767: list_files() 'More than 1 files in the folders, stop listing'
INFO: 2025-09-12 22:47:49,768: download_one_from() 'Adding downloaded file /home/ted/.config/variety/Downloaded/Unsplash/photo-1756370382832-1c8fe9965d67.jpg to unseen_downloads'
INFO: 2025-09-12 22:47:50,768: get_throttling() 'Unsplash.com: parsing serverside options'
INFO: 2025-09-12 22:47:50,768: get_throttling() 'Unsplash.com serverside options: {'min_fill_queue_interval': 3600, 'min_download_interval': 1800}'
INFO: 2025-09-12 22:47:50,768: get_throttling() 'Unsplash.com: parsing serverside options'
INFO: 2025-09-12 22:47:50,768: get_throttling() 'Unsplash.com serverside options: {'min_fill_queue_interval': 3600, 'min_download_interval': 1800}'
INFO: 2025-09-12 22:47:50,768: download_one() 'Unsplash.com: Downloading an image, config: None'
INFO: 2025-09-12 22:47:50,768: download_one() 'Unsplash.com: Queue size: 27'
INFO: 2025-09-12 22:47:50,768: download_one() 'Unsplash.com: Queue populated with 27 URLs'
INFO: 2025-09-12 22:47:50,768: save_locally() 'Origin URL: https://unsplash.com/photos/a-black-and-white-photo-of-tall-buildings-7zLFX4Czc4g?utm_source=Variety+Wallpaper+Changer&utm_medium=referral'
INFO: 2025-09-12 22:47:50,768: save_locally() 'Image URL: https://images.unsplash.com/photo-1722811087953-b745cf16a0c1?crop=entropy&cs=srgb&fm=jpg&ixid=M3wxMjIxfDB8MXxyYW5kb218fHx8fHx8fHwxNzU3NzM4ODY5fA&ixlib=rb-4.1.0&q=85&w=4608'
INFO: 2025-09-12 22:47:50,768: save_locally() 'Local path: /home/ted/.config/variety/Downloaded/Unsplash/photo-1722811087953-b745cf16a0c1.jpg'
INFO: 2025-09-12 22:47:50,877: save_locally() 'Download complete'
INFO: 2025-09-12 22:47:50,878: update_indicator() 'Setting file info to: /usr/share/backgrounds/gnome/adwaita-l.jpg'
INFO: 2025-09-12 22:47:50,878: list_files() 'More than 1 files in the folders, stop listing'
INFO: 2025-09-12 22:47:50,878: download_one_from() 'Adding downloaded file /home/ted/.config/variety/Downloaded/Unsplash/photo-1722811087953-b745cf16a0c1.jpg to unseen_downloads'
INFO: 2025-09-12 22:47:51,879: get_throttling() 'Unsplash.com: parsing serverside options'
INFO: 2025-09-12 22:47:51,879: get_throttling() 'Unsplash.com serverside options: {'min_fill_queue_interval': 3600, 'min_download_interval': 1800}'
INFO: 2025-09-12 22:47:51,879: get_throttling() 'Unsplash.com: parsing serverside options'
INFO: 2025-09-12 22:47:51,879: get_throttling() 'Unsplash.com serverside options: {'min_fill_queue_interval': 3600, 'min_download_interval': 1800}'
INFO: 2025-09-12 22:47:51,879: download_one() 'Unsplash.com: Downloading an image, config: None'
INFO: 2025-09-12 22:47:51,879: download_one() 'Unsplash.com: Queue size: 26'
INFO: 2025-09-12 22:47:51,879: download_one() 'Unsplash.com: Queue populated with 26 URLs'
INFO: 2025-09-12 22:47:51,879: save_locally() 'Origin URL: https://unsplash.com/photos/sunlight-shines-through-ancient-mossy-tree-branches-HHRckNv-gK8?utm_source=Variety+Wallpaper+Changer&utm_medium=referral'
INFO: 2025-09-12 22:47:51,879: save_locally() 'Image URL: https://images.unsplash.com/photo-1756134904044-1cf7868cb9de?crop=entropy&cs=srgb&fm=jpg&ixid=M3wxMjIxfDB8MXxyYW5kb218fHx8fHx8fHwxNzU3NzM4ODY5fA&ixlib=rb-4.1.0&q=85&w=4608'
INFO: 2025-09-12 22:47:51,879: save_locally() 'Local path: /home/ted/.config/variety/Downloaded/Unsplash/photo-1756134904044-1cf7868cb9de.jpg'
INFO: 2025-09-12 22:47:51,984: save_locally() 'Download complete'
INFO: 2025-09-12 22:47:51,985: update_indicator() 'Setting file info to: /usr/share/backgrounds/gnome/adwaita-l.jpg'
INFO: 2025-09-12 22:47:51,985: list_files() 'More than 1 files in the folders, stop listing'
INFO: 2025-09-12 22:47:51,985: download_one_from() 'Adding downloaded file /home/ted/.config/variety/Downloaded/Unsplash/photo-1756134904044-1cf7868cb9de.jpg to unseen_downloads'
INFO: 2025-09-12 22:47:52,986: get_throttling() 'Unsplash.com: parsing serverside options'
INFO: 2025-09-12 22:47:52,986: get_throttling() 'Unsplash.com serverside options: {'min_fill_queue_interval': 3600, 'min_download_interval': 1800}'
INFO: 2025-09-12 22:47:52,986: get_throttling() 'Unsplash.com: parsing serverside options'
INFO: 2025-09-12 22:47:52,986: get_throttling() 'Unsplash.com serverside options: {'min_fill_queue_interval': 3600, 'min_download_interval': 1800}'
INFO: 2025-09-12 22:47:52,986: download_one() 'Unsplash.com: Downloading an image, config: None'
INFO: 2025-09-12 22:47:52,986: download_one() 'Unsplash.com: Queue size: 25'
INFO: 2025-09-12 22:47:52,986: download_one() 'Unsplash.com: Queue populated with 25 URLs'
INFO: 2025-09-12 22:47:52,986: save_locally() 'Origin URL: https://unsplash.com/photos/man-walking-down-stairs-in-modern-building-XKNqsqgL73E?utm_source=Variety+Wallpaper+Changer&utm_medium=referral'
INFO: 2025-09-12 22:47:52,986: save_locally() 'Image URL: https://images.unsplash.com/photo-1755090030899-800ee2e4aa06?crop=entropy&cs=srgb&fm=jpg&ixid=M3wxMjIxfDB8MXxyYW5kb218fHx8fHx8fHwxNzU3NzM4ODY5fA&ixlib=rb-4.1.0&q=85&w=4608'
INFO: 2025-09-12 22:47:52,986: save_locally() 'Local path: /home/ted/.config/variety/Downloaded/Unsplash/photo-1755090030899-800ee2e4aa06.jpg'
INFO: 2025-09-12 22:47:53,078: save_locally() 'Download complete'
INFO: 2025-09-12 22:47:53,078: update_indicator() 'Setting file info to: /usr/share/backgrounds/gnome/adwaita-l.jpg'
INFO: 2025-09-12 22:47:53,079: list_files() 'More than 1 files in the folders, stop listing'
INFO: 2025-09-12 22:47:53,079: download_one_from() 'Adding downloaded file /home/ted/.config/variety/Downloaded/Unsplash/photo-1755090030899-800ee2e4aa06.jpg to unseen_downloads'
INFO: 2025-09-12 22:47:54,079: get_throttling() 'Unsplash.com: parsing serverside options'
INFO: 2025-09-12 22:47:54,080: get_throttling() 'Unsplash.com serverside options: {'min_fill_queue_interval': 3600, 'min_download_interval': 1800}'
INFO: 2025-09-12 22:47:54,080: get_throttling() 'Unsplash.com: parsing serverside options'
INFO: 2025-09-12 22:47:54,080: get_throttling() 'Unsplash.com serverside options: {'min_fill_queue_interval': 3600, 'min_download_interval': 1800}'
INFO: 2025-09-12 22:47:54,080: download_one() 'Unsplash.com: Downloading an image, config: None'
INFO: 2025-09-12 22:47:54,080: download_one() 'Unsplash.com: Queue size: 24'
INFO: 2025-09-12 22:47:54,080: download_one() 'Unsplash.com: Queue populated with 24 URLs'
INFO: 2025-09-12 22:47:54,080: save_locally() 'Origin URL: https://unsplash.com/photos/a-close-up-of-an-elephant-peeking-through-QMSdkPcyAB0?utm_source=Variety+Wallpaper+Changer&utm_medium=referral'
INFO: 2025-09-12 22:47:54,080: save_locally() 'Image URL: https://images.unsplash.com/photo-1751917175580-ea4435af020e?crop=entropy&cs=srgb&fm=jpg&ixid=M3wxMjIxfDB8MXxyYW5kb218fHx8fHx8fHwxNzU3NzM4ODY5fA&ixlib=rb-4.1.0&q=85&w=4608'
INFO: 2025-09-12 22:47:54,080: save_locally() 'Local path: /home/ted/.config/variety/Downloaded/Unsplash/photo-1751917175580-ea4435af020e.jpg'
INFO: 2025-09-12 22:47:54,167: save_locally() 'Download complete'
INFO: 2025-09-12 22:47:54,168: update_indicator() 'Setting file info to: /usr/share/backgrounds/gnome/adwaita-l.jpg'
INFO: 2025-09-12 22:47:54,169: list_files() 'More than 1 files in the folders, stop listing'
INFO: 2025-09-12 22:47:54,169: download_one_from() 'Adding downloaded file /home/ted/.config/variety/Downloaded/Unsplash/photo-1751917175580-ea4435af020e.jpg to unseen_downloads'
INFO: 2025-09-12 22:47:55,169: get_throttling() 'Unsplash.com: parsing serverside options'
INFO: 2025-09-12 22:47:55,170: get_throttling() 'Unsplash.com serverside options: {'min_fill_queue_interval': 3600, 'min_download_interval': 1800}'
INFO: 2025-09-12 22:47:55,170: get_throttling() 'Unsplash.com: parsing serverside options'
INFO: 2025-09-12 22:47:55,170: get_throttling() 'Unsplash.com serverside options: {'min_fill_queue_interval': 3600, 'min_download_interval': 1800}'
INFO: 2025-09-12 22:47:55,170: download_one() 'Unsplash.com: Downloading an image, config: None'
INFO: 2025-09-12 22:47:55,170: download_one() 'Unsplash.com: Queue size: 23'
INFO: 2025-09-12 22:47:55,170: download_one() 'Unsplash.com: Queue populated with 23 URLs'
INFO: 2025-09-12 22:47:55,170: save_locally() 'Origin URL: https://unsplash.com/photos/houseboats-moored-along-a-canal-with-buildings-and-cranes-K5GSCDrS7yg?utm_source=Variety+Wallpaper+Changer&utm_medium=referral'
INFO: 2025-09-12 22:47:55,170: save_locally() 'Image URL: https://images.unsplash.com/photo-1756029095573-3d63ab16a293?crop=entropy&cs=srgb&fm=jpg&ixid=M3wxMjIxfDB8MXxyYW5kb218fHx8fHx8fHwxNzU3NzM4ODY5fA&ixlib=rb-4.1.0&q=85&w=4608'
INFO: 2025-09-12 22:47:55,170: save_locally() 'Local path: /home/ted/.config/variety/Downloaded/Unsplash/photo-1756029095573-3d63ab16a293.jpg'
INFO: 2025-09-12 22:47:55,275: save_locally() 'Download complete'
INFO: 2025-09-12 22:47:55,275: update_indicator() 'Setting file info to: /usr/share/backgrounds/gnome/adwaita-l.jpg'
INFO: 2025-09-12 22:47:55,276: list_files() 'More than 1 files in the folders, stop listing'
INFO: 2025-09-12 22:47:55,276: purge_downloaded() 'Refreshed download folder size: 20.274849891662598 mb'
INFO: 2025-09-12 22:47:55,276: download_one_from() 'Adding downloaded file /home/ted/.config/variety/Downloaded/Unsplash/photo-1756029095573-3d63ab16a293.jpg to unseen_downloads'
INFO: 2025-09-12 22:47:56,277: get_throttling() 'Unsplash.com: parsing serverside options'
INFO: 2025-09-12 22:47:56,277: get_throttling() 'Unsplash.com serverside options: {'min_fill_queue_interval': 3600, 'min_download_interval': 1800}'
INFO: 2025-09-12 22:47:56,277: get_throttling() 'Unsplash.com: parsing serverside options'
INFO: 2025-09-12 22:47:56,277: get_throttling() 'Unsplash.com serverside options: {'min_fill_queue_interval': 3600, 'min_download_interval': 1800}'
INFO: 2025-09-12 22:47:56,277: download_one() 'Unsplash.com: Downloading an image, config: None'
INFO: 2025-09-12 22:47:56,277: download_one() 'Unsplash.com: Queue size: 22'
INFO: 2025-09-12 22:47:56,277: download_one() 'Unsplash.com: Queue populated with 22 URLs'
INFO: 2025-09-12 22:47:56,277: save_locally() 'Origin URL: https://unsplash.com/photos/silhouette-of-a-person-on-rocky-outcrop-at-sunset-PLF-qXccy3w?utm_source=Variety+Wallpaper+Changer&utm_medium=referral'
INFO: 2025-09-12 22:47:56,277: save_locally() 'Image URL: https://images.unsplash.com/photo-1756632013216-1b79d2294cf3?crop=entropy&cs=srgb&fm=jpg&ixid=M3wxMjIxfDB8MXxyYW5kb218fHx8fHx8fHwxNzU3NzM4ODY5fA&ixlib=rb-4.1.0&q=85&w=4608'
INFO: 2025-09-12 22:47:56,277: save_locally() 'Local path: /home/ted/.config/variety/Downloaded/Unsplash/photo-1756632013216-1b79d2294cf3.jpg'
INFO: 2025-09-12 22:47:56,353: save_locally() 'Download complete'
INFO: 2025-09-12 22:47:56,354: update_indicator() 'Setting file info to: /usr/share/backgrounds/gnome/adwaita-l.jpg'
INFO: 2025-09-12 22:47:56,354: list_files() 'More than 1 files in the folders, stop listing'
INFO: 2025-09-12 22:47:56,355: download_one_from() 'Adding downloaded file /home/ted/.config/variety/Downloaded/Unsplash/photo-1756632013216-1b79d2294cf3.jpg to unseen_downloads'
INFO: 2025-09-12 22:47:57,355: get_throttling() 'Unsplash.com: parsing serverside options'
INFO: 2025-09-12 22:47:57,355: get_throttling() 'Unsplash.com serverside options: {'min_fill_queue_interval': 3600, 'min_download_interval': 1800}'
INFO: 2025-09-12 22:47:57,355: get_throttling() 'Unsplash.com: parsing serverside options'
INFO: 2025-09-12 22:47:57,355: get_throttling() 'Unsplash.com serverside options: {'min_fill_queue_interval': 3600, 'min_download_interval': 1800}'
INFO: 2025-09-12 22:47:57,355: download_one() 'Unsplash.com: Downloading an image, config: None'
INFO: 2025-09-12 22:47:57,355: download_one() 'Unsplash.com: Queue size: 21'
INFO: 2025-09-12 22:47:57,355: download_one() 'Unsplash.com: Queue populated with 21 URLs'
INFO: 2025-09-12 22:47:57,355: save_locally() 'Origin URL: https://unsplash.com/photos/cozy-living-room-with-elegant-furniture-and-decor-AO6BYTEnlMo?utm_source=Variety+Wallpaper+Changer&utm_medium=referral'
INFO: 2025-09-12 22:47:57,355: save_locally() 'Image URL: https://images.unsplash.com/photo-1754999809963-79a41e8fb648?crop=entropy&cs=srgb&fm=jpg&ixid=M3wxMjIxfDB8MXxyYW5kb218fHx8fHx8fHwxNzU3NzM4ODY5fA&ixlib=rb-4.1.0&q=85&w=4608'
INFO: 2025-09-12 22:47:57,355: save_locally() 'Local path: /home/ted/.config/variety/Downloaded/Unsplash/photo-1754999809963-79a41e8fb648.jpg'
INFO: 2025-09-12 22:47:57,418: save_locally() 'Download complete'
INFO: 2025-09-12 22:47:57,418: update_indicator() 'Setting file info to: /usr/share/backgrounds/gnome/adwaita-l.jpg'
INFO: 2025-09-12 22:47:57,419: list_files() 'More than 1 files in the folders, stop listing'
INFO: 2025-09-12 22:47:57,419: download_one_from() 'Adding downloaded file /home/ted/.config/variety/Downloaded/Unsplash/photo-1754999809963-79a41e8fb648.jpg to unseen_downloads'
INFO: 2025-09-12 22:47:58,419: get_throttling() 'Unsplash.com: parsing serverside options'
INFO: 2025-09-12 22:47:58,419: get_throttling() 'Unsplash.com serverside options: {'min_fill_queue_interval': 3600, 'min_download_interval': 1800}'
INFO: 2025-09-12 22:47:58,419: get_throttling() 'Unsplash.com: parsing serverside options'
INFO: 2025-09-12 22:47:58,419: get_throttling() 'Unsplash.com serverside options: {'min_fill_queue_interval': 3600, 'min_download_interval': 1800}'
INFO: 2025-09-12 22:47:58,420: download_one() 'Unsplash.com: max_downloads_per_hour of 10 reached, skip this attempt'
INFO: 2025-09-12 22:48:01,399: set_wallpaper() 'Calling set_wallpaper with /home/ted/.config/variety/Downloaded/Unsplash/photo-1751917175580-ea4435af020e.jpg'
INFO: 2025-09-12 22:48:01,400: do_set_wp() 'Calling do_set_wp with /home/ted/.config/variety/Downloaded/Unsplash/photo-1751917175580-ea4435af020e.jpg, time: 1757738881.4003768'
INFO: 2025-09-12 22:48:01,408: update_indicator() 'Setting file info to: /home/ted/.config/variety/Downloaded/Unsplash/photo-1751917175580-ea4435af020e.jpg'
INFO: 2025-09-12 22:48:01,409: list_files() 'More than 1 files in the folders, stop listing'
INFO: 2025-09-12 22:48:03,400: trigger_download() 'Triggering download thread to check if download needed and possible'
INFO: 2025-09-12 22:48:07,955: update_indicator() 'Setting file info to: /home/ted/.config/variety/Downloaded/Unsplash/photo-1751917175580-ea4435af020e.jpg'
INFO: 2025-09-12 22:48:07,956: list_files() 'More than 1 files in the folders, stop listing'
INFO: 2025-09-12 22:48:16,553: apply() 'Applying preferences'
INFO: 2025-09-12 22:48:16,556: set_visible() 'Showing status icon'
INFO: 2025-09-12 22:48:16,556: set_from_theme_icon() 'Showing status icon variety-indicator from GTK theme'
INFO: 2025-09-12 22:48:16,556: log_options() 'Loaded options:'
INFO: 2025-09-12 22:48:16,557: log_options() 'change_enabled = True'
INFO: 2025-09-12 22:48:16,557: log_options() 'change_interval = 86400'
INFO: 2025-09-12 22:48:16,557: log_options() 'change_on_start = True'
INFO: 2025-09-12 22:48:16,557: log_options() 'clipboard_enabled = False'
INFO: 2025-09-12 22:48:16,557: log_options() 'clipboard_hosts = ['wallhaven.cc', 'wallpapers.net', 'flickr.com', 'imgur.com', 'deviantart.com', 'interfacelift.com', 'vladstudio.com', 'imageshack.us', 'deviantart.net', 'imageshack.com']'
INFO: 2025-09-12 22:48:16,557: log_options() 'clipboard_use_whitelist = True'
INFO: 2025-09-12 22:48:16,557: log_options() 'clock_date_font = Serif 30'
INFO: 2025-09-12 22:48:16,557: log_options() 'clock_enabled = False'
INFO: 2025-09-12 22:48:16,557: log_options() 'clock_filter = -density 100 -font `fc-match -f '%{file[0]}' '%CLOCK_FONT_NAME'` -pointsize %CLOCK_FONT_SIZE -gravity SouthEast -fill '#00000044' -annotate 0x0+[%HOFFSET+58]+[%VOFFSET+108] '%H:%M' -fill white -annotate 0x0+[%HOFFSET+60]+[%VOFFSET+110] '%H:%M' -font `fc-match -f '%{file[0]}' '%DATE_FONT_NAME'` -pointsize %DATE_FONT_SIZE -fill '#00000044' -annotate 0x0+[%HOFFSET+58]+[%VOFFSET+58] '%A, %B %d' -fill white -annotate 0x0+[%HOFFSET+60]+[%VOFFSET+60] '%A, %B %d''
INFO: 2025-09-12 22:48:16,557: log_options() 'clock_font = Serif 70'
INFO: 2025-09-12 22:48:16,557: log_options() 'configfile = /home/ted/.config/variety/variety.conf'
INFO: 2025-09-12 22:48:16,557: log_options() 'copyto_enabled = False'
INFO: 2025-09-12 22:48:16,557: log_options() 'copyto_folder = Default'
INFO: 2025-09-12 22:48:16,557: log_options() 'desired_color = [160, 160, 160]'
INFO: 2025-09-12 22:48:16,557: log_options() 'desired_color_enabled = False'
INFO: 2025-09-12 22:48:16,557: log_options() 'download_folder = /home/ted/.config/variety/Downloaded'
INFO: 2025-09-12 22:48:16,557: log_options() 'download_preference_ratio = 0.9'
INFO: 2025-09-12 22:48:16,557: log_options() 'favorites_folder = /home/ted/.config/variety/Favorites'
INFO: 2025-09-12 22:48:16,557: log_options() 'favorites_operations = [['Downloaded', 'Copy'], ['Fetched', 'Move'], ['Others', 'Copy']]'
INFO: 2025-09-12 22:48:16,557: log_options() 'fetched_folder = /home/ted/.config/variety/Fetched'
INFO: 2025-09-12 22:48:16,557: log_options() 'filters = [[False, 'Keep original', ''], [False, 'Grayscale', '-type Grayscale'], [False, 'Heavy blur', '-scale 20% -blur 0x10 -resize 500%'], [False, 'Soft blur', '-scale 20% -blur 0x2 -resize 500%'], [False, 'Oil painting', '-paint 8'], [False, 'Pointilism', '-spread 10 -noise 3'], [False, 'Pixellate', '-scale 3% -scale 3333%']]'
INFO: 2025-09-12 22:48:16,557: log_options() 'get_wallpaper_script = /home/ted/.config/variety/scripts/get_wallpaper'
INFO: 2025-09-12 22:48:16,557: log_options() 'icon = Light'
INFO: 2025-09-12 22:48:16,557: log_options() 'internet_enabled = True'
INFO: 2025-09-12 22:48:16,557: log_options() 'lightness_enabled = False'
INFO: 2025-09-12 22:48:16,557: log_options() 'lightness_mode = 0'
INFO: 2025-09-12 22:48:16,557: log_options() 'min_rating = 4'
INFO: 2025-09-12 22:48:16,557: log_options() 'min_rating_enabled = False'
INFO: 2025-09-12 22:48:16,557: log_options() 'min_size = 80'
INFO: 2025-09-12 22:48:16,557: log_options() 'min_size_enabled = False'
INFO: 2025-09-12 22:48:16,557: log_options() 'name_regex = .*'
INFO: 2025-09-12 22:48:16,557: log_options() 'name_regex_enabled = False'
INFO: 2025-09-12 22:48:16,557: log_options() 'quota_enabled = True'
INFO: 2025-09-12 22:48:16,557: log_options() 'quota_size = 1000'
INFO: 2025-09-12 22:48:16,557: log_options() 'quotes_authors = '
INFO: 2025-09-12 22:48:16,557: log_options() 'quotes_bg_color = [80, 80, 80]'
INFO: 2025-09-12 22:48:16,557: log_options() 'quotes_bg_opacity = 55'
INFO: 2025-09-12 22:48:16,557: log_options() 'quotes_change_enabled = False'
INFO: 2025-09-12 22:48:16,557: log_options() 'quotes_change_interval = 300'
INFO: 2025-09-12 22:48:16,557: log_options() 'quotes_disabled_sources = ['Urban Dictionary']'
INFO: 2025-09-12 22:48:16,557: log_options() 'quotes_enabled = False'
INFO: 2025-09-12 22:48:16,557: log_options() 'quotes_favorites_file = /home/ted/.config/variety/favorite_quotes.txt'
INFO: 2025-09-12 22:48:16,557: log_options() 'quotes_font = Serif 30'
INFO: 2025-09-12 22:48:16,557: log_options() 'quotes_hpos = 100'
INFO: 2025-09-12 22:48:16,557: log_options() 'quotes_max_length = 250'
INFO: 2025-09-12 22:48:16,557: log_options() 'quotes_tags = '
INFO: 2025-09-12 22:48:16,557: log_options() 'quotes_text_color = [255, 255, 255]'
INFO: 2025-09-12 22:48:16,557: log_options() 'quotes_text_shadow = False'
INFO: 2025-09-12 22:48:16,557: log_options() 'quotes_vpos = 40'
INFO: 2025-09-12 22:48:16,557: log_options() 'quotes_width = 70'
INFO: 2025-09-12 22:48:16,557: log_options() 'safe_mode = False'
INFO: 2025-09-12 22:48:16,557: log_options() 'set_wallpaper_script = /home/ted/.config/variety/scripts/set_wallpaper'
INFO: 2025-09-12 22:48:16,557: log_options() 'slideshow_custom_enabled = False'
INFO: 2025-09-12 22:48:16,557: log_options() 'slideshow_custom_folder = /home/ted/Pictures'
INFO: 2025-09-12 22:48:16,557: log_options() 'slideshow_downloads_enabled = False'
INFO: 2025-09-12 22:48:16,557: log_options() 'slideshow_fade = 0.4'
INFO: 2025-09-12 22:48:16,557: log_options() 'slideshow_favorites_enabled = True'
INFO: 2025-09-12 22:48:16,557: log_options() 'slideshow_mode = Fullscreen'
INFO: 2025-09-12 22:48:16,557: log_options() 'slideshow_monitor = All'
INFO: 2025-09-12 22:48:16,557: log_options() 'slideshow_pan = 0.05'
INFO: 2025-09-12 22:48:16,557: log_options() 'slideshow_seconds = 6.0'
INFO: 2025-09-12 22:48:16,557: log_options() 'slideshow_sort_order = Random'
INFO: 2025-09-12 22:48:16,557: log_options() 'slideshow_sources_enabled = True'
INFO: 2025-09-12 22:48:16,557: log_options() 'slideshow_zoom = 0.2'
INFO: 2025-09-12 22:48:16,557: log_options() 'smart_enabled = False'
INFO: 2025-09-12 22:48:16,557: log_options() 'smart_notice_shown = False'
INFO: 2025-09-12 22:48:16,557: log_options() 'smart_register_shown = False'
INFO: 2025-09-12 22:48:16,557: log_options() 'sources = [[False, 'favorites', 'The Favorites folder'], [False, 'fetched', 'The Fetched folder'], [False, 'folder', '/usr/share/backgrounds'], [False, 'flickr', 'user:www.flickr.com/photos/peter-levi/;user_id:93647178@N00;'], [False, 'apod', "NASA's Astronomy Picture of the Day"], [False, 'bing', 'Bing Photo of the Day'], [False, 'earthview', 'Google Earth View Wallpapers'], [False, 'natgeo', "National Geographic's photo of the day"], [True, 'unsplash', 'High-resolution photos from Unsplash.com']]'
INFO: 2025-09-12 22:48:16,557: log_options() 'stats_enabled = True'
INFO: 2025-09-12 22:48:16,557: log_options() 'stats_notice_shown = False'
INFO: 2025-09-12 22:48:16,557: log_options() 'sync_enabled = True'
INFO: 2025-09-12 22:48:16,557: log_options() 'use_landscape_enabled = True'
INFO: 2025-09-12 22:48:16,557: log_options() 'wallhaven_api_key = '
INFO: 2025-09-12 22:48:16,558: log_options() 'wallpaper_auto_rotate = False'
INFO: 2025-09-12 22:48:16,558: log_options() 'wallpaper_display_mode = os'
INFO: 2025-09-12 22:48:16,558: clear_prepared_queue() 'Clearing prepared queue'
INFO: 2025-09-12 22:48:16,558: update_indicator() 'Setting file info to: /home/ted/.config/variety/Downloaded/Unsplash/photo-1751917175580-ea4435af020e.jpg'
INFO: 2025-09-12 22:48:16,558: prepare_thread() 'Prepared buffer contains 0 images'
INFO: 2025-09-12 22:48:16,558: prepare_thread() 'Preparing some images'
INFO: 2025-09-12 22:48:16,558: list_files() 'More than 1 files in the folders, stop listing'
INFO: 2025-09-12 22:48:16,559: prepare_thread() 'After search prepared buffer contains 10 images'
INFO: 2025-09-12 22:48:16,559: prepare_thread() 'Prepared buffer contains 10 images'
INFO: 2025-09-12 22:48:16,659: do_set_wp() 'Calling do_set_wp with /home/ted/.config/variety/Downloaded/Unsplash/photo-1751917175580-ea4435af020e.jpg, time: 1757738896.6590555'
INFO: 2025-09-12 22:48:16,666: update_indicator() 'Setting file info to: /home/ted/.config/variety/Downloaded/Unsplash/photo-1751917175580-ea4435af020e.jpg'
INFO: 2025-09-12 22:48:16,667: list_files() 'More than 1 files in the folders, stop listing'
INFO: 2025-09-12 22:48:17,847: apply() 'Applying preferences'
INFO: 2025-09-12 22:48:17,849: set_visible() 'Showing status icon'
INFO: 2025-09-12 22:48:17,849: set_from_theme_icon() 'Showing status icon variety-indicator from GTK theme'
INFO: 2025-09-12 22:48:17,850: log_options() 'Loaded options:'
INFO: 2025-09-12 22:48:17,850: log_options() 'change_enabled = True'
INFO: 2025-09-12 22:48:17,850: log_options() 'change_interval = 86400'
INFO: 2025-09-12 22:48:17,850: log_options() 'change_on_start = True'
INFO: 2025-09-12 22:48:17,850: log_options() 'clipboard_enabled = False'
INFO: 2025-09-12 22:48:17,850: log_options() 'clipboard_hosts = ['wallhaven.cc', 'wallpapers.net', 'flickr.com', 'imgur.com', 'deviantart.com', 'interfacelift.com', 'vladstudio.com', 'imageshack.us', 'deviantart.net', 'imageshack.com']'
INFO: 2025-09-12 22:48:17,850: log_options() 'clipboard_use_whitelist = True'
INFO: 2025-09-12 22:48:17,850: log_options() 'clock_date_font = Serif 30'
INFO: 2025-09-12 22:48:17,850: log_options() 'clock_enabled = False'
INFO: 2025-09-12 22:48:17,850: log_options() 'clock_filter = -density 100 -font `fc-match -f '%{file[0]}' '%CLOCK_FONT_NAME'` -pointsize %CLOCK_FONT_SIZE -gravity SouthEast -fill '#00000044' -annotate 0x0+[%HOFFSET+58]+[%VOFFSET+108] '%H:%M' -fill white -annotate 0x0+[%HOFFSET+60]+[%VOFFSET+110] '%H:%M' -font `fc-match -f '%{file[0]}' '%DATE_FONT_NAME'` -pointsize %DATE_FONT_SIZE -fill '#00000044' -annotate 0x0+[%HOFFSET+58]+[%VOFFSET+58] '%A, %B %d' -fill white -annotate 0x0+[%HOFFSET+60]+[%VOFFSET+60] '%A, %B %d''
INFO: 2025-09-12 22:48:17,850: log_options() 'clock_font = Serif 70'
INFO: 2025-09-12 22:48:17,850: log_options() 'configfile = /home/ted/.config/variety/variety.conf'
INFO: 2025-09-12 22:48:17,850: log_options() 'copyto_enabled = False'
INFO: 2025-09-12 22:48:17,850: log_options() 'copyto_folder = Default'
INFO: 2025-09-12 22:48:17,850: log_options() 'desired_color = [160, 160, 160]'
INFO: 2025-09-12 22:48:17,850: log_options() 'desired_color_enabled = False'
INFO: 2025-09-12 22:48:17,850: log_options() 'download_folder = /home/ted/.config/variety/Downloaded'
INFO: 2025-09-12 22:48:17,850: log_options() 'download_preference_ratio = 0.9'
INFO: 2025-09-12 22:48:17,850: log_options() 'favorites_folder = /home/ted/.config/variety/Favorites'
INFO: 2025-09-12 22:48:17,850: log_options() 'favorites_operations = [['Downloaded', 'Copy'], ['Fetched', 'Move'], ['Others', 'Copy']]'
INFO: 2025-09-12 22:48:17,850: log_options() 'fetched_folder = /home/ted/.config/variety/Fetched'
INFO: 2025-09-12 22:48:17,850: log_options() 'filters = [[False, 'Keep original', ''], [False, 'Grayscale', '-type Grayscale'], [False, 'Heavy blur', '-scale 20% -blur 0x10 -resize 500%'], [False, 'Soft blur', '-scale 20% -blur 0x2 -resize 500%'], [False, 'Oil painting', '-paint 8'], [False, 'Pointilism', '-spread 10 -noise 3'], [False, 'Pixellate', '-scale 3% -scale 3333%']]'
INFO: 2025-09-12 22:48:17,850: log_options() 'get_wallpaper_script = /home/ted/.config/variety/scripts/get_wallpaper'
INFO: 2025-09-12 22:48:17,850: log_options() 'icon = Light'
INFO: 2025-09-12 22:48:17,850: log_options() 'internet_enabled = True'
INFO: 2025-09-12 22:48:17,850: log_options() 'lightness_enabled = False'
INFO: 2025-09-12 22:48:17,850: log_options() 'lightness_mode = 0'
INFO: 2025-09-12 22:48:17,850: log_options() 'min_rating = 4'
INFO: 2025-09-12 22:48:17,850: log_options() 'min_rating_enabled = False'
INFO: 2025-09-12 22:48:17,850: log_options() 'min_size = 80'
INFO: 2025-09-12 22:48:17,850: log_options() 'min_size_enabled = False'
INFO: 2025-09-12 22:48:17,850: log_options() 'name_regex = .*'
INFO: 2025-09-12 22:48:17,850: log_options() 'name_regex_enabled = False'
INFO: 2025-09-12 22:48:17,850: log_options() 'quota_enabled = True'
INFO: 2025-09-12 22:48:17,850: log_options() 'quota_size = 1000'
INFO: 2025-09-12 22:48:17,850: log_options() 'quotes_authors = '
INFO: 2025-09-12 22:48:17,850: log_options() 'quotes_bg_color = [80, 80, 80]'
INFO: 2025-09-12 22:48:17,850: log_options() 'quotes_bg_opacity = 55'
INFO: 2025-09-12 22:48:17,850: log_options() 'quotes_change_enabled = False'
INFO: 2025-09-12 22:48:17,850: log_options() 'quotes_change_interval = 300'
INFO: 2025-09-12 22:48:17,850: log_options() 'quotes_disabled_sources = ['Urban Dictionary']'
INFO: 2025-09-12 22:48:17,850: log_options() 'quotes_enabled = False'
INFO: 2025-09-12 22:48:17,850: log_options() 'quotes_favorites_file = /home/ted/.config/variety/favorite_quotes.txt'
INFO: 2025-09-12 22:48:17,850: log_options() 'quotes_font = Serif 30'
INFO: 2025-09-12 22:48:17,850: log_options() 'quotes_hpos = 100'
INFO: 2025-09-12 22:48:17,850: log_options() 'quotes_max_length = 250'
INFO: 2025-09-12 22:48:17,850: log_options() 'quotes_tags = '
INFO: 2025-09-12 22:48:17,850: log_options() 'quotes_text_color = [255, 255, 255]'
INFO: 2025-09-12 22:48:17,850: log_options() 'quotes_text_shadow = False'
INFO: 2025-09-12 22:48:17,850: log_options() 'quotes_vpos = 40'
INFO: 2025-09-12 22:48:17,850: log_options() 'quotes_width = 70'
INFO: 2025-09-12 22:48:17,850: log_options() 'safe_mode = False'
INFO: 2025-09-12 22:48:17,850: log_options() 'set_wallpaper_script = /home/ted/.config/variety/scripts/set_wallpaper'
INFO: 2025-09-12 22:48:17,851: log_options() 'slideshow_custom_enabled = False'
INFO: 2025-09-12 22:48:17,851: log_options() 'slideshow_custom_folder = /home/ted/Pictures'
INFO: 2025-09-12 22:48:17,851: log_options() 'slideshow_downloads_enabled = False'
INFO: 2025-09-12 22:48:17,851: log_options() 'slideshow_fade = 0.4'
INFO: 2025-09-12 22:48:17,851: log_options() 'slideshow_favorites_enabled = True'
INFO: 2025-09-12 22:48:17,851: log_options() 'slideshow_mode = Fullscreen'
INFO: 2025-09-12 22:48:17,851: log_options() 'slideshow_monitor = All'
INFO: 2025-09-12 22:48:17,851: log_options() 'slideshow_pan = 0.05'
INFO: 2025-09-12 22:48:17,851: log_options() 'slideshow_seconds = 6.0'
INFO: 2025-09-12 22:48:17,851: log_options() 'slideshow_sort_order = Random'
INFO: 2025-09-12 22:48:17,851: log_options() 'slideshow_sources_enabled = True'
INFO: 2025-09-12 22:48:17,851: log_options() 'slideshow_zoom = 0.2'
INFO: 2025-09-12 22:48:17,851: log_options() 'smart_enabled = False'
INFO: 2025-09-12 22:48:17,851: log_options() 'smart_notice_shown = False'
INFO: 2025-09-12 22:48:17,851: log_options() 'smart_register_shown = False'
INFO: 2025-09-12 22:48:17,851: log_options() 'sources = [[False, 'favorites', 'The Favorites folder'], [False, 'fetched', 'The Fetched folder'], [False, 'folder', '/usr/share/backgrounds'], [False, 'flickr', 'user:www.flickr.com/photos/peter-levi/;user_id:93647178@N00;'], [False, 'apod', "NASA's Astronomy Picture of the Day"], [False, 'bing', 'Bing Photo of the Day'], [False, 'earthview', 'Google Earth View Wallpapers'], [False, 'natgeo', "National Geographic's photo of the day"], [False, 'unsplash', 'High-resolution photos from Unsplash.com']]'
INFO: 2025-09-12 22:48:17,851: log_options() 'stats_enabled = True'
INFO: 2025-09-12 22:48:17,851: log_options() 'stats_notice_shown = False'
INFO: 2025-09-12 22:48:17,851: log_options() 'sync_enabled = True'
INFO: 2025-09-12 22:48:17,851: log_options() 'use_landscape_enabled = True'
INFO: 2025-09-12 22:48:17,851: log_options() 'wallhaven_api_key = '
INFO: 2025-09-12 22:48:17,851: log_options() 'wallpaper_auto_rotate = False'
INFO: 2025-09-12 22:48:17,851: log_options() 'wallpaper_display_mode = os'
INFO: 2025-09-12 22:48:17,851: clear_prepared_queue() 'Clearing prepared queue'
INFO: 2025-09-12 22:48:17,851: update_indicator() 'Setting file info to: /home/ted/.config/variety/Downloaded/Unsplash/photo-1751917175580-ea4435af020e.jpg'
INFO: 2025-09-12 22:48:17,851: prepare_thread() 'Prepared buffer contains 0 images'
INFO: 2025-09-12 22:48:17,851: prepare_thread() 'Preparing some images'
INFO: 2025-09-12 22:48:17,851: prepare_thread() 'After search prepared buffer contains 0 images'
INFO: 2025-09-12 22:48:17,852: list_files() 'More than 1 files in the folders, stop listing'
INFO: 2025-09-12 22:48:17,852: prepare_thread() 'Prepared buffer contains 0 images'
INFO: 2025-09-12 22:48:17,852: prepare_thread() 'Preparing some images'
INFO: 2025-09-12 22:48:17,852: prepare_thread() 'After search prepared buffer contains 0 images'
INFO: 2025-09-12 22:48:17,952: do_set_wp() 'Calling do_set_wp with /home/ted/.config/variety/Downloaded/Unsplash/photo-1751917175580-ea4435af020e.jpg, time: 1757738897.9526267'
INFO: 2025-09-12 22:48:17,959: update_indicator() 'Setting file info to: /home/ted/.config/variety/Downloaded/Unsplash/photo-1751917175580-ea4435af020e.jpg'
INFO: 2025-09-12 22:48:17,960: list_files() 'More than 1 files in the folders, stop listing'
INFO: 2025-09-12 22:48:18,314: set_wallpaper() 'Calling set_wallpaper with /home/ted/.config/variety/Downloaded/Unsplash/photo-1755895926335-a113232e064f.jpg'
INFO: 2025-09-12 22:48:18,559: trigger_download() 'Triggering download thread to check if download needed and possible'
INFO: 2025-09-12 22:48:18,559: trigger_download() 'Triggering download thread to check if download needed and possible'
INFO: 2025-09-12 22:48:18,952: do_set_wp() 'Calling do_set_wp with /home/ted/.config/variety/Downloaded/Unsplash/photo-1755895926335-a113232e064f.jpg, time: 1757738898.9528153'
INFO: 2025-09-12 22:48:18,960: update_indicator() 'Setting file info to: /home/ted/.config/variety/Downloaded/Unsplash/photo-1755895926335-a113232e064f.jpg'
INFO: 2025-09-12 22:48:18,961: list_files() 'More than 1 files in the folders, stop listing'
INFO: 2025-09-12 22:48:19,851: trigger_download() 'Triggering download thread to check if download needed and possible'
INFO: 2025-09-12 22:48:19,852: trigger_download() 'Triggering download thread to check if download needed and possible'
INFO: 2025-09-12 22:48:20,034: apply() 'Applying preferences'
INFO: 2025-09-12 22:48:20,037: set_visible() 'Showing status icon'
INFO: 2025-09-12 22:48:20,037: set_from_theme_icon() 'Showing status icon variety-indicator from GTK theme'
INFO: 2025-09-12 22:48:20,037: log_options() 'Loaded options:'
INFO: 2025-09-12 22:48:20,037: log_options() 'change_enabled = True'
INFO: 2025-09-12 22:48:20,037: log_options() 'change_interval = 86400'
INFO: 2025-09-12 22:48:20,037: log_options() 'change_on_start = True'
INFO: 2025-09-12 22:48:20,037: log_options() 'clipboard_enabled = False'
INFO: 2025-09-12 22:48:20,037: log_options() 'clipboard_hosts = ['wallhaven.cc', 'wallpapers.net', 'flickr.com', 'imgur.com', 'deviantart.com', 'interfacelift.com', 'vladstudio.com', 'imageshack.us', 'deviantart.net', 'imageshack.com']'
INFO: 2025-09-12 22:48:20,037: log_options() 'clipboard_use_whitelist = True'
INFO: 2025-09-12 22:48:20,037: log_options() 'clock_date_font = Serif 30'
INFO: 2025-09-12 22:48:20,037: log_options() 'clock_enabled = False'
INFO: 2025-09-12 22:48:20,037: log_options() 'clock_filter = -density 100 -font `fc-match -f '%{file[0]}' '%CLOCK_FONT_NAME'` -pointsize %CLOCK_FONT_SIZE -gravity SouthEast -fill '#00000044' -annotate 0x0+[%HOFFSET+58]+[%VOFFSET+108] '%H:%M' -fill white -annotate 0x0+[%HOFFSET+60]+[%VOFFSET+110] '%H:%M' -font `fc-match -f '%{file[0]}' '%DATE_FONT_NAME'` -pointsize %DATE_FONT_SIZE -fill '#00000044' -annotate 0x0+[%HOFFSET+58]+[%VOFFSET+58] '%A, %B %d' -fill white -annotate 0x0+[%HOFFSET+60]+[%VOFFSET+60] '%A, %B %d''
INFO: 2025-09-12 22:48:20,037: log_options() 'clock_font = Serif 70'
INFO: 2025-09-12 22:48:20,037: log_options() 'configfile = /home/ted/.config/variety/variety.conf'
INFO: 2025-09-12 22:48:20,037: log_options() 'copyto_enabled = False'
INFO: 2025-09-12 22:48:20,037: log_options() 'copyto_folder = Default'
INFO: 2025-09-12 22:48:20,038: log_options() 'desired_color = [160, 160, 160]'
INFO: 2025-09-12 22:48:20,038: log_options() 'desired_color_enabled = False'
INFO: 2025-09-12 22:48:20,038: log_options() 'download_folder = /home/ted/.config/variety/Downloaded'
INFO: 2025-09-12 22:48:20,038: log_options() 'download_preference_ratio = 0.9'
INFO: 2025-09-12 22:48:20,038: log_options() 'favorites_folder = /home/ted/.config/variety/Favorites'
INFO: 2025-09-12 22:48:20,038: log_options() 'favorites_operations = [['Downloaded', 'Copy'], ['Fetched', 'Move'], ['Others', 'Copy']]'
INFO: 2025-09-12 22:48:20,038: log_options() 'fetched_folder = /home/ted/.config/variety/Fetched'
INFO: 2025-09-12 22:48:20,038: log_options() 'filters = [[False, 'Keep original', ''], [False, 'Grayscale', '-type Grayscale'], [False, 'Heavy blur', '-scale 20% -blur 0x10 -resize 500%'], [False, 'Soft blur', '-scale 20% -blur 0x2 -resize 500%'], [False, 'Oil painting', '-paint 8'], [False, 'Pointilism', '-spread 10 -noise 3'], [False, 'Pixellate', '-scale 3% -scale 3333%']]'
INFO: 2025-09-12 22:48:20,038: log_options() 'get_wallpaper_script = /home/ted/.config/variety/scripts/get_wallpaper'
INFO: 2025-09-12 22:48:20,038: log_options() 'icon = Light'
INFO: 2025-09-12 22:48:20,038: log_options() 'internet_enabled = True'
INFO: 2025-09-12 22:48:20,038: log_options() 'lightness_enabled = False'
INFO: 2025-09-12 22:48:20,038: log_options() 'lightness_mode = 0'
INFO: 2025-09-12 22:48:20,038: log_options() 'min_rating = 4'
INFO: 2025-09-12 22:48:20,038: log_options() 'min_rating_enabled = False'
INFO: 2025-09-12 22:48:20,038: log_options() 'min_size = 80'
INFO: 2025-09-12 22:48:20,038: log_options() 'min_size_enabled = False'
INFO: 2025-09-12 22:48:20,038: log_options() 'name_regex = .*'
INFO: 2025-09-12 22:48:20,038: log_options() 'name_regex_enabled = False'
INFO: 2025-09-12 22:48:20,038: log_options() 'quota_enabled = True'
INFO: 2025-09-12 22:48:20,038: log_options() 'quota_size = 1000'
INFO: 2025-09-12 22:48:20,038: log_options() 'quotes_authors = '
INFO: 2025-09-12 22:48:20,038: log_options() 'quotes_bg_color = [80, 80, 80]'
INFO: 2025-09-12 22:48:20,038: log_options() 'quotes_bg_opacity = 55'
INFO: 2025-09-12 22:48:20,038: log_options() 'quotes_change_enabled = False'
INFO: 2025-09-12 22:48:20,038: log_options() 'quotes_change_interval = 300'
INFO: 2025-09-12 22:48:20,038: log_options() 'quotes_disabled_sources = ['Urban Dictionary']'
INFO: 2025-09-12 22:48:20,038: log_options() 'quotes_enabled = False'
INFO: 2025-09-12 22:48:20,038: log_options() 'quotes_favorites_file = /home/ted/.config/variety/favorite_quotes.txt'
INFO: 2025-09-12 22:48:20,038: log_options() 'quotes_font = Serif 30'
INFO: 2025-09-12 22:48:20,038: log_options() 'quotes_hpos = 100'
INFO: 2025-09-12 22:48:20,038: log_options() 'quotes_max_length = 250'
INFO: 2025-09-12 22:48:20,038: log_options() 'quotes_tags = '
INFO: 2025-09-12 22:48:20,038: log_options() 'quotes_text_color = [255, 255, 255]'
INFO: 2025-09-12 22:48:20,038: log_options() 'quotes_text_shadow = False'
INFO: 2025-09-12 22:48:20,038: log_options() 'quotes_vpos = 40'
INFO: 2025-09-12 22:48:20,038: log_options() 'quotes_width = 70'
INFO: 2025-09-12 22:48:20,038: log_options() 'safe_mode = False'
INFO: 2025-09-12 22:48:20,038: log_options() 'set_wallpaper_script = /home/ted/.config/variety/scripts/set_wallpaper'
INFO: 2025-09-12 22:48:20,038: log_options() 'slideshow_custom_enabled = False'
INFO: 2025-09-12 22:48:20,038: log_options() 'slideshow_custom_folder = /home/ted/Pictures'
INFO: 2025-09-12 22:48:20,038: log_options() 'slideshow_downloads_enabled = False'
INFO: 2025-09-12 22:48:20,038: log_options() 'slideshow_fade = 0.4'
INFO: 2025-09-12 22:48:20,038: log_options() 'slideshow_favorites_enabled = True'
INFO: 2025-09-12 22:48:20,038: log_options() 'slideshow_mode = Fullscreen'
INFO: 2025-09-12 22:48:20,038: log_options() 'slideshow_monitor = All'
INFO: 2025-09-12 22:48:20,038: log_options() 'slideshow_pan = 0.05'
INFO: 2025-09-12 22:48:20,038: log_options() 'slideshow_seconds = 6.0'
INFO: 2025-09-12 22:48:20,038: log_options() 'slideshow_sort_order = Random'
INFO: 2025-09-12 22:48:20,038: log_options() 'slideshow_sources_enabled = True'
INFO: 2025-09-12 22:48:20,038: log_options() 'slideshow_zoom = 0.2'
INFO: 2025-09-12 22:48:20,038: log_options() 'smart_enabled = False'
INFO: 2025-09-12 22:48:20,038: log_options() 'smart_notice_shown = False'
INFO: 2025-09-12 22:48:20,038: log_options() 'smart_register_shown = False'
INFO: 2025-09-12 22:48:20,038: log_options() 'sources = [[False, 'favorites', 'The Favorites folder'], [False, 'fetched', 'The Fetched folder'], [False, 'folder', '/usr/share/backgrounds'], [False, 'flickr', 'user:www.flickr.com/photos/peter-levi/;user_id:93647178@N00;'], [False, 'apod', "NASA's Astronomy Picture of the Day"], [False, 'bing', 'Bing Photo of the Day'], [False, 'earthview', 'Google Earth View Wallpapers'], [False, 'natgeo', "National Geographic's photo of the day"], [True, 'unsplash', 'High-resolution photos from Unsplash.com']]'
INFO: 2025-09-12 22:48:20,038: log_options() 'stats_enabled = True'
INFO: 2025-09-12 22:48:20,038: log_options() 'stats_notice_shown = False'
INFO: 2025-09-12 22:48:20,038: log_options() 'sync_enabled = True'
INFO: 2025-09-12 22:48:20,038: log_options() 'use_landscape_enabled = True'
INFO: 2025-09-12 22:48:20,038: log_options() 'wallhaven_api_key = '
INFO: 2025-09-12 22:48:20,038: log_options() 'wallpaper_auto_rotate = False'
INFO: 2025-09-12 22:48:20,038: log_options() 'wallpaper_display_mode = os'
INFO: 2025-09-12 22:48:20,038: clear_prepared_queue() 'Clearing prepared queue'
INFO: 2025-09-12 22:48:20,038: update_indicator() 'Setting file info to: /home/ted/.config/variety/Downloaded/Unsplash/photo-1755895926335-a113232e064f.jpg'
INFO: 2025-09-12 22:48:20,038: prepare_thread() 'Prepared buffer contains 0 images'
INFO: 2025-09-12 22:48:20,038: prepare_thread() 'Preparing some images'
INFO: 2025-09-12 22:48:20,039: list_files() 'More than 1 files in the folders, stop listing'
INFO: 2025-09-12 22:48:20,040: prepare_thread() 'After search prepared buffer contains 10 images'
INFO: 2025-09-12 22:48:20,040: prepare_thread() 'Prepared buffer contains 10 images'
INFO: 2025-09-12 22:48:20,139: do_set_wp() 'Calling do_set_wp with /home/ted/.config/variety/Downloaded/Unsplash/photo-1755895926335-a113232e064f.jpg, time: 1757738900.1398208'
INFO: 2025-09-12 22:48:20,147: update_indicator() 'Setting file info to: /home/ted/.config/variety/Downloaded/Unsplash/photo-1755895926335-a113232e064f.jpg'
INFO: 2025-09-12 22:48:20,148: list_files() 'More than 1 files in the folders, stop listing'
INFO: 2025-09-12 22:48:22,040: trigger_download() 'Triggering download thread to check if download needed and possible'
INFO: 2025-09-12 22:48:22,041: trigger_download() 'Triggering download thread to check if download needed and possible'
INFO: 2025-09-12 22:49:17,174: apply() 'Applying preferences'
INFO: 2025-09-12 22:49:17,177: reload_config() 'Creating new downloader for type unsplash-search, location video game'
INFO: 2025-09-12 22:49:17,178: makedirs() 'Creating folder /home/ted/.config/variety/Downloaded/unsplash-search_video_game'
INFO: 2025-09-12 22:49:17,178: log_options() 'Loaded options:'
INFO: 2025-09-12 22:49:17,178: log_options() 'change_enabled = True'
INFO: 2025-09-12 22:49:17,178: log_options() 'change_interval = 86400'
INFO: 2025-09-12 22:49:17,178: log_options() 'change_on_start = True'
INFO: 2025-09-12 22:49:17,178: log_options() 'clipboard_enabled = False'
INFO: 2025-09-12 22:49:17,178: log_options() 'clipboard_hosts = ['wallhaven.cc', 'wallpapers.net', 'flickr.com', 'imgur.com', 'deviantart.com', 'interfacelift.com', 'vladstudio.com', 'imageshack.us', 'deviantart.net', 'imageshack.com']'
INFO: 2025-09-12 22:49:17,178: log_options() 'clipboard_use_whitelist = True'
INFO: 2025-09-12 22:49:17,178: log_options() 'clock_date_font = Serif 30'
INFO: 2025-09-12 22:49:17,178: log_options() 'clock_enabled = False'
INFO: 2025-09-12 22:49:17,178: log_options() 'clock_filter = -density 100 -font `fc-match -f '%{file[0]}' '%CLOCK_FONT_NAME'` -pointsize %CLOCK_FONT_SIZE -gravity SouthEast -fill '#00000044' -annotate 0x0+[%HOFFSET+58]+[%VOFFSET+108] '%H:%M' -fill white -annotate 0x0+[%HOFFSET+60]+[%VOFFSET+110] '%H:%M' -font `fc-match -f '%{file[0]}' '%DATE_FONT_NAME'` -pointsize %DATE_FONT_SIZE -fill '#00000044' -annotate 0x0+[%HOFFSET+58]+[%VOFFSET+58] '%A, %B %d' -fill white -annotate 0x0+[%HOFFSET+60]+[%VOFFSET+60] '%A, %B %d''
INFO: 2025-09-12 22:49:17,178: log_options() 'clock_font = Serif 70'
INFO: 2025-09-12 22:49:17,178: log_options() 'configfile = /home/ted/.config/variety/variety.conf'
INFO: 2025-09-12 22:49:17,178: log_options() 'copyto_enabled = False'
INFO: 2025-09-12 22:49:17,178: log_options() 'copyto_folder = Default'
INFO: 2025-09-12 22:49:17,178: log_options() 'desired_color = [160, 160, 160]'
INFO: 2025-09-12 22:49:17,178: log_options() 'desired_color_enabled = False'
INFO: 2025-09-12 22:49:17,178: log_options() 'download_folder = /home/ted/.config/variety/Downloaded'
INFO: 2025-09-12 22:49:17,178: log_options() 'download_preference_ratio = 0.9'
INFO: 2025-09-12 22:49:17,178: log_options() 'favorites_folder = /home/ted/.config/variety/Favorites'
INFO: 2025-09-12 22:49:17,178: log_options() 'favorites_operations = [['Downloaded', 'Copy'], ['Fetched', 'Move'], ['Others', 'Copy']]'
INFO: 2025-09-12 22:49:17,178: log_options() 'fetched_folder = /home/ted/.config/variety/Fetched'
INFO: 2025-09-12 22:49:17,178: log_options() 'filters = [[False, 'Keep original', ''], [False, 'Grayscale', '-type Grayscale'], [False, 'Heavy blur', '-scale 20% -blur 0x10 -resize 500%'], [False, 'Soft blur', '-scale 20% -blur 0x2 -resize 500%'], [False, 'Oil painting', '-paint 8'], [False, 'Pointilism', '-spread 10 -noise 3'], [False, 'Pixellate', '-scale 3% -scale 3333%']]'
INFO: 2025-09-12 22:49:17,178: log_options() 'get_wallpaper_script = /home/ted/.config/variety/scripts/get_wallpaper'
INFO: 2025-09-12 22:49:17,178: log_options() 'icon = Light'
INFO: 2025-09-12 22:49:17,178: log_options() 'internet_enabled = True'
INFO: 2025-09-12 22:49:17,178: log_options() 'lightness_enabled = False'
INFO: 2025-09-12 22:49:17,178: log_options() 'lightness_mode = 0'
INFO: 2025-09-12 22:49:17,178: log_options() 'min_rating = 4'
INFO: 2025-09-12 22:49:17,178: log_options() 'min_rating_enabled = False'
INFO: 2025-09-12 22:49:17,178: log_options() 'min_size = 80'
INFO: 2025-09-12 22:49:17,178: log_options() 'min_size_enabled = False'
INFO: 2025-09-12 22:49:17,178: log_options() 'name_regex = .*'
INFO: 2025-09-12 22:49:17,178: log_options() 'name_regex_enabled = False'
INFO: 2025-09-12 22:49:17,178: log_options() 'quota_enabled = True'
INFO: 2025-09-12 22:49:17,178: log_options() 'quota_size = 1000'
INFO: 2025-09-12 22:49:17,178: log_options() 'quotes_authors = '
INFO: 2025-09-12 22:49:17,178: log_options() 'quotes_bg_color = [80, 80, 80]'
INFO: 2025-09-12 22:49:17,178: log_options() 'quotes_bg_opacity = 55'
INFO: 2025-09-12 22:49:17,178: log_options() 'quotes_change_enabled = False'
INFO: 2025-09-12 22:49:17,178: log_options() 'quotes_change_interval = 300'
INFO: 2025-09-12 22:49:17,178: log_options() 'quotes_disabled_sources = ['Urban Dictionary']'
INFO: 2025-09-12 22:49:17,178: log_options() 'quotes_enabled = False'
INFO: 2025-09-12 22:49:17,178: log_options() 'quotes_favorites_file = /home/ted/.config/variety/favorite_quotes.txt'
INFO: 2025-09-12 22:49:17,178: log_options() 'quotes_font = Serif 30'
INFO: 2025-09-12 22:49:17,178: log_options() 'quotes_hpos = 100'
INFO: 2025-09-12 22:49:17,178: log_options() 'quotes_max_length = 250'
INFO: 2025-09-12 22:49:17,178: log_options() 'quotes_tags = '
INFO: 2025-09-12 22:49:17,178: log_options() 'quotes_text_color = [255, 255, 255]'
INFO: 2025-09-12 22:49:17,178: log_options() 'quotes_text_shadow = False'
INFO: 2025-09-12 22:49:17,178: log_options() 'quotes_vpos = 40'
INFO: 2025-09-12 22:49:17,178: log_options() 'quotes_width = 70'
INFO: 2025-09-12 22:49:17,178: log_options() 'safe_mode = False'
INFO: 2025-09-12 22:49:17,178: log_options() 'set_wallpaper_script = /home/ted/.config/variety/scripts/set_wallpaper'
INFO: 2025-09-12 22:49:17,178: log_options() 'slideshow_custom_enabled = False'
INFO: 2025-09-12 22:49:17,178: log_options() 'slideshow_custom_folder = /home/ted/Pictures'
INFO: 2025-09-12 22:49:17,178: log_options() 'slideshow_downloads_enabled = False'
INFO: 2025-09-12 22:49:17,178: log_options() 'slideshow_fade = 0.4'
INFO: 2025-09-12 22:49:17,178: log_options() 'slideshow_favorites_enabled = True'
INFO: 2025-09-12 22:49:17,179: log_options() 'slideshow_mode = Fullscreen'
INFO: 2025-09-12 22:49:17,179: log_options() 'slideshow_monitor = All'
INFO: 2025-09-12 22:49:17,179: log_options() 'slideshow_pan = 0.05'
INFO: 2025-09-12 22:49:17,179: log_options() 'slideshow_seconds = 6.0'
INFO: 2025-09-12 22:49:17,179: log_options() 'slideshow_sort_order = Random'
INFO: 2025-09-12 22:49:17,179: log_options() 'slideshow_sources_enabled = True'
INFO: 2025-09-12 22:49:17,179: log_options() 'slideshow_zoom = 0.2'
INFO: 2025-09-12 22:49:17,179: log_options() 'smart_enabled = False'
INFO: 2025-09-12 22:49:17,179: log_options() 'smart_notice_shown = False'
INFO: 2025-09-12 22:49:17,179: log_options() 'smart_register_shown = False'
INFO: 2025-09-12 22:49:17,179: log_options() 'sources = [[False, 'favorites', 'The Favorites folder'], [False, 'fetched', 'The Fetched folder'], [False, 'folder', '/usr/share/backgrounds'], [False, 'flickr', 'user:www.flickr.com/photos/peter-levi/;user_id:93647178@N00;'], [False, 'apod', "NASA's Astronomy Picture of the Day"], [False, 'bing', 'Bing Photo of the Day'], [False, 'earthview', 'Google Earth View Wallpapers'], [False, 'natgeo', "National Geographic's photo of the day"], [True, 'unsplash', 'High-resolution photos from Unsplash.com'], [True, 'unsplash-search', 'video game']]'
INFO: 2025-09-12 22:49:17,179: log_options() 'stats_enabled = True'
INFO: 2025-09-12 22:49:17,179: log_options() 'stats_notice_shown = False'
INFO: 2025-09-12 22:49:17,179: log_options() 'sync_enabled = True'
INFO: 2025-09-12 22:49:17,179: log_options() 'use_landscape_enabled = True'
INFO: 2025-09-12 22:49:17,179: log_options() 'wallhaven_api_key = '
INFO: 2025-09-12 22:49:17,179: log_options() 'wallpaper_auto_rotate = False'
INFO: 2025-09-12 22:49:17,179: log_options() 'wallpaper_display_mode = os'
INFO: 2025-09-12 22:49:17,179: clear_prepared_queue() 'Clearing prepared queue'
INFO: 2025-09-12 22:49:17,179: update_indicator() 'Setting file info to: /home/ted/.config/variety/Downloaded/Unsplash/photo-1755895926335-a113232e064f.jpg'
INFO: 2025-09-12 22:49:17,179: prepare_thread() 'Prepared buffer contains 0 images'
INFO: 2025-09-12 22:49:17,179: prepare_thread() 'Preparing some images'
INFO: 2025-09-12 22:49:17,180: list_files() 'More than 1 files in the folders, stop listing'
INFO: 2025-09-12 22:49:17,180: set_visible() 'Showing status icon'
INFO: 2025-09-12 22:49:17,180: set_from_theme_icon() 'Showing status icon variety-indicator from GTK theme'
INFO: 2025-09-12 22:49:17,180: get_throttling() 'Unsplash: parsing serverside options'
INFO: 2025-09-12 22:49:17,180: get_throttling() 'Unsplash serverside options: {'min_fill_queue_interval': 3600, 'min_download_interval': 1800}'
INFO: 2025-09-12 22:49:17,180: get_throttling() 'Unsplash: parsing serverside options'
INFO: 2025-09-12 22:49:17,180: get_throttling() 'Unsplash serverside options: {'min_fill_queue_interval': 3600, 'min_download_interval': 1800}'
INFO: 2025-09-12 22:49:17,180: download_one() 'Unsplash.com: Downloading an image, config: video game'
INFO: 2025-09-12 22:49:17,180: download_one() 'Unsplash.com: Queue size: 0'
INFO: 2025-09-12 22:49:17,180: get_throttling() 'Unsplash: parsing serverside options'
INFO: 2025-09-12 22:49:17,180: get_throttling() 'Unsplash serverside options: {'min_fill_queue_interval': 3600, 'min_download_interval': 1800}'
INFO: 2025-09-12 22:49:17,180: download_one() 'Unsplash.com: Filling queue'
INFO: 2025-09-12 22:49:17,180: fill_queue() 'Filling Unsplash queue from https://api.unsplash.com/photos/random?count=30&client_id=072e5048dfcb73a8d9ad59fcf402471518ff8df725df462b0c4fa665f466515a&orientation=landscape&query=video game'
INFO: 2025-09-12 22:49:17,181: prepare_thread() 'After search prepared buffer contains 10 images'
INFO: 2025-09-12 22:49:17,181: prepare_thread() 'Prepared buffer contains 10 images'
INFO: 2025-09-12 22:49:17,280: do_set_wp() 'Calling do_set_wp with /home/ted/.config/variety/Downloaded/Unsplash/photo-1755895926335-a113232e064f.jpg, time: 1757738957.2805002'
INFO: 2025-09-12 22:49:17,287: update_indicator() 'Setting file info to: /home/ted/.config/variety/Downloaded/Unsplash/photo-1755895926335-a113232e064f.jpg'
INFO: 2025-09-12 22:49:17,288: list_files() 'More than 1 files in the folders, stop listing'
INFO: 2025-09-12 22:49:17,344: download_one() 'Unsplash.com: Queue populated with 30 URLs'
INFO: 2025-09-12 22:49:17,344: save_locally() 'Origin URL: https://unsplash.com/photos/a-woman-in-a-red-dress-wearing-a-virtual-reality-headset-A2BIY-TUjuA?utm_source=Variety+Wallpaper+Changer&utm_medium=referral'
INFO: 2025-09-12 22:49:17,344: save_locally() 'Image URL: https://images.unsplash.com/photo-1639174326326-6e2ef8d8ae39?crop=entropy&cs=srgb&fm=jpg&ixid=M3wxMjIxfDB8MXxyYW5kb218fHx8fHx8fHwxNzU3NzM4OTU4fA&ixlib=rb-4.1.0&q=85&w=4608'
INFO: 2025-09-12 22:49:17,344: save_locally() 'Local path: /home/ted/.config/variety/Downloaded/unsplash-search_video_game/photo-1639174326326-6e2ef8d8ae39.jpg'
INFO: 2025-09-12 22:49:17,374: update_indicator() 'Setting file info to: /home/ted/.config/variety/Downloaded/Unsplash/photo-1755895926335-a113232e064f.jpg'
INFO: 2025-09-12 22:49:17,375: list_files() 'More than 1 files in the folders, stop listing'
INFO: 2025-09-12 22:49:18,470: save_locally() 'Download complete'
INFO: 2025-09-12 22:49:18,471: update_indicator() 'Setting file info to: /home/ted/.config/variety/Downloaded/Unsplash/photo-1755895926335-a113232e064f.jpg'
INFO: 2025-09-12 22:49:18,471: list_files() 'More than 1 files in the folders, stop listing'
INFO: 2025-09-12 22:49:18,472: download_one_from() 'Adding downloaded file /home/ted/.config/variety/Downloaded/unsplash-search_video_game/photo-1639174326326-6e2ef8d8ae39.jpg to unseen_downloads'
INFO: 2025-09-12 22:49:19,181: trigger_download() 'Triggering download thread to check if download needed and possible'
INFO: 2025-09-12 22:49:19,182: trigger_download() 'Triggering download thread to check if download needed and possible'
INFO: 2025-09-12 22:49:19,472: get_throttling() 'Unsplash: parsing serverside options'
INFO: 2025-09-12 22:49:19,472: get_throttling() 'Unsplash serverside options: {'min_fill_queue_interval': 3600, 'min_download_interval': 1800}'
INFO: 2025-09-12 22:49:19,472: get_throttling() 'Unsplash: parsing serverside options'
INFO: 2025-09-12 22:49:19,473: get_throttling() 'Unsplash serverside options: {'min_fill_queue_interval': 3600, 'min_download_interval': 1800}'
INFO: 2025-09-12 22:49:19,473: download_one() 'Unsplash.com: Downloading an image, config: video game'
INFO: 2025-09-12 22:49:19,473: download_one() 'Unsplash.com: Queue size: 29'
INFO: 2025-09-12 22:49:19,473: download_one() 'Unsplash.com: Queue populated with 29 URLs'
INFO: 2025-09-12 22:49:19,473: save_locally() 'Origin URL: https://unsplash.com/photos/person-holding-black-game-controller-X6QffKLwyoQ?utm_source=Variety+Wallpaper+Changer&utm_medium=referral'
INFO: 2025-09-12 22:49:19,473: save_locally() 'Image URL: https://images.unsplash.com/photo-1600861194942-f883de0dfe96?crop=entropy&cs=srgb&fm=jpg&ixid=M3wxMjIxfDB8MXxyYW5kb218fHx8fHx8fHwxNzU3NzM4OTU4fA&ixlib=rb-4.1.0&q=85&w=4608'
INFO: 2025-09-12 22:49:19,473: save_locally() 'Local path: /home/ted/.config/variety/Downloaded/unsplash-search_video_game/photo-1600861194942-f883de0dfe96.jpg'
INFO: 2025-09-12 22:49:20,104: save_locally() 'Download complete'
INFO: 2025-09-12 22:49:20,105: update_indicator() 'Setting file info to: /home/ted/.config/variety/Downloaded/Unsplash/photo-1755895926335-a113232e064f.jpg'
INFO: 2025-09-12 22:49:20,105: list_files() 'More than 1 files in the folders, stop listing'
INFO: 2025-09-12 22:49:20,106: download_one_from() 'Adding downloaded file /home/ted/.config/variety/Downloaded/unsplash-search_video_game/photo-1600861194942-f883de0dfe96.jpg to unseen_downloads'
INFO: 2025-09-12 22:49:20,412: apply() 'Applying preferences'
INFO: 2025-09-12 22:49:20,415: set_visible() 'Showing status icon'
INFO: 2025-09-12 22:49:20,415: set_from_theme_icon() 'Showing status icon variety-indicator from GTK theme'
INFO: 2025-09-12 22:49:20,416: log_options() 'Loaded options:'
INFO: 2025-09-12 22:49:20,416: log_options() 'change_enabled = True'
INFO: 2025-09-12 22:49:20,416: log_options() 'change_interval = 86400'
INFO: 2025-09-12 22:49:20,416: log_options() 'change_on_start = True'
INFO: 2025-09-12 22:49:20,416: log_options() 'clipboard_enabled = False'
INFO: 2025-09-12 22:49:20,416: log_options() 'clipboard_hosts = ['wallhaven.cc', 'wallpapers.net', 'flickr.com', 'imgur.com', 'deviantart.com', 'interfacelift.com', 'vladstudio.com', 'imageshack.us', 'deviantart.net', 'imageshack.com']'
INFO: 2025-09-12 22:49:20,416: log_options() 'clipboard_use_whitelist = True'
INFO: 2025-09-12 22:49:20,416: log_options() 'clock_date_font = Serif 30'
INFO: 2025-09-12 22:49:20,416: log_options() 'clock_enabled = False'
INFO: 2025-09-12 22:49:20,416: log_options() 'clock_filter = -density 100 -font `fc-match -f '%{file[0]}' '%CLOCK_FONT_NAME'` -pointsize %CLOCK_FONT_SIZE -gravity SouthEast -fill '#00000044' -annotate 0x0+[%HOFFSET+58]+[%VOFFSET+108] '%H:%M' -fill white -annotate 0x0+[%HOFFSET+60]+[%VOFFSET+110] '%H:%M' -font `fc-match -f '%{file[0]}' '%DATE_FONT_NAME'` -pointsize %DATE_FONT_SIZE -fill '#00000044' -annotate 0x0+[%HOFFSET+58]+[%VOFFSET+58] '%A, %B %d' -fill white -annotate 0x0+[%HOFFSET+60]+[%VOFFSET+60] '%A, %B %d''
INFO: 2025-09-12 22:49:20,416: log_options() 'clock_font = Serif 70'
INFO: 2025-09-12 22:49:20,416: log_options() 'configfile = /home/ted/.config/variety/variety.conf'
INFO: 2025-09-12 22:49:20,416: log_options() 'copyto_enabled = False'
INFO: 2025-09-12 22:49:20,416: log_options() 'copyto_folder = Default'
INFO: 2025-09-12 22:49:20,416: log_options() 'desired_color = [160, 160, 160]'
INFO: 2025-09-12 22:49:20,416: log_options() 'desired_color_enabled = False'
INFO: 2025-09-12 22:49:20,416: log_options() 'download_folder = /home/ted/.config/variety/Downloaded'
INFO: 2025-09-12 22:49:20,416: log_options() 'download_preference_ratio = 0.9'
INFO: 2025-09-12 22:49:20,416: log_options() 'favorites_folder = /home/ted/.config/variety/Favorites'
INFO: 2025-09-12 22:49:20,416: log_options() 'favorites_operations = [['Downloaded', 'Copy'], ['Fetched', 'Move'], ['Others', 'Copy']]'
INFO: 2025-09-12 22:49:20,416: log_options() 'fetched_folder = /home/ted/.config/variety/Fetched'
INFO: 2025-09-12 22:49:20,416: log_options() 'filters = [[False, 'Keep original', ''], [False, 'Grayscale', '-type Grayscale'], [False, 'Heavy blur', '-scale 20% -blur 0x10 -resize 500%'], [False, 'Soft blur', '-scale 20% -blur 0x2 -resize 500%'], [False, 'Oil painting', '-paint 8'], [False, 'Pointilism', '-spread 10 -noise 3'], [False, 'Pixellate', '-scale 3% -scale 3333%']]'
INFO: 2025-09-12 22:49:20,416: log_options() 'get_wallpaper_script = /home/ted/.config/variety/scripts/get_wallpaper'
INFO: 2025-09-12 22:49:20,416: log_options() 'icon = Light'
INFO: 2025-09-12 22:49:20,416: log_options() 'internet_enabled = True'
INFO: 2025-09-12 22:49:20,416: log_options() 'lightness_enabled = False'
INFO: 2025-09-12 22:49:20,416: log_options() 'lightness_mode = 0'
INFO: 2025-09-12 22:49:20,416: log_options() 'min_rating = 4'
INFO: 2025-09-12 22:49:20,416: log_options() 'min_rating_enabled = False'
INFO: 2025-09-12 22:49:20,416: log_options() 'min_size = 80'
INFO: 2025-09-12 22:49:20,416: log_options() 'min_size_enabled = False'
INFO: 2025-09-12 22:49:20,416: log_options() 'name_regex = .*'
INFO: 2025-09-12 22:49:20,416: log_options() 'name_regex_enabled = False'
INFO: 2025-09-12 22:49:20,416: log_options() 'quota_enabled = True'
INFO: 2025-09-12 22:49:20,416: log_options() 'quota_size = 1000'
INFO: 2025-09-12 22:49:20,416: log_options() 'quotes_authors = '
INFO: 2025-09-12 22:49:20,416: log_options() 'quotes_bg_color = [80, 80, 80]'
INFO: 2025-09-12 22:49:20,416: log_options() 'quotes_bg_opacity = 55'
INFO: 2025-09-12 22:49:20,416: log_options() 'quotes_change_enabled = False'
INFO: 2025-09-12 22:49:20,416: log_options() 'quotes_change_interval = 300'
INFO: 2025-09-12 22:49:20,416: log_options() 'quotes_disabled_sources = ['Urban Dictionary']'
INFO: 2025-09-12 22:49:20,416: log_options() 'quotes_enabled = False'
INFO: 2025-09-12 22:49:20,416: log_options() 'quotes_favorites_file = /home/ted/.config/variety/favorite_quotes.txt'
INFO: 2025-09-12 22:49:20,416: log_options() 'quotes_font = Serif 30'
INFO: 2025-09-12 22:49:20,416: log_options() 'quotes_hpos = 100'
INFO: 2025-09-12 22:49:20,416: log_options() 'quotes_max_length = 250'
INFO: 2025-09-12 22:49:20,416: log_options() 'quotes_tags = '
INFO: 2025-09-12 22:49:20,416: log_options() 'quotes_text_color = [255, 255, 255]'
INFO: 2025-09-12 22:49:20,416: log_options() 'quotes_text_shadow = False'
INFO: 2025-09-12 22:49:20,416: log_options() 'quotes_vpos = 40'
INFO: 2025-09-12 22:49:20,416: log_options() 'quotes_width = 70'
INFO: 2025-09-12 22:49:20,416: log_options() 'safe_mode = False'
INFO: 2025-09-12 22:49:20,416: log_options() 'set_wallpaper_script = /home/ted/.config/variety/scripts/set_wallpaper'
INFO: 2025-09-12 22:49:20,416: log_options() 'slideshow_custom_enabled = False'
INFO: 2025-09-12 22:49:20,416: log_options() 'slideshow_custom_folder = /home/ted/Pictures'
INFO: 2025-09-12 22:49:20,416: log_options() 'slideshow_downloads_enabled = False'
INFO: 2025-09-12 22:49:20,416: log_options() 'slideshow_fade = 0.4'
INFO: 2025-09-12 22:49:20,416: log_options() 'slideshow_favorites_enabled = True'
INFO: 2025-09-12 22:49:20,416: log_options() 'slideshow_mode = Fullscreen'
INFO: 2025-09-12 22:49:20,416: log_options() 'slideshow_monitor = All'
INFO: 2025-09-12 22:49:20,416: log_options() 'slideshow_pan = 0.05'
INFO: 2025-09-12 22:49:20,416: log_options() 'slideshow_seconds = 6.0'
INFO: 2025-09-12 22:49:20,416: log_options() 'slideshow_sort_order = Random'
INFO: 2025-09-12 22:49:20,417: log_options() 'slideshow_sources_enabled = True'
INFO: 2025-09-12 22:49:20,417: log_options() 'slideshow_zoom = 0.2'
INFO: 2025-09-12 22:49:20,417: log_options() 'smart_enabled = False'
INFO: 2025-09-12 22:49:20,417: log_options() 'smart_notice_shown = False'
INFO: 2025-09-12 22:49:20,417: log_options() 'smart_register_shown = False'
INFO: 2025-09-12 22:49:20,417: log_options() 'sources = [[False, 'favorites', 'The Favorites folder'], [False, 'fetched', 'The Fetched folder'], [False, 'folder', '/usr/share/backgrounds'], [False, 'flickr', 'user:www.flickr.com/photos/peter-levi/;user_id:93647178@N00;'], [False, 'apod', "NASA's Astronomy Picture of the Day"], [False, 'bing', 'Bing Photo of the Day'], [False, 'earthview', 'Google Earth View Wallpapers'], [False, 'natgeo', "National Geographic's photo of the day"], [False, 'unsplash', 'High-resolution photos from Unsplash.com'], [True, 'unsplash-search', 'video game']]'
INFO: 2025-09-12 22:49:20,417: log_options() 'stats_enabled = True'
INFO: 2025-09-12 22:49:20,417: log_options() 'stats_notice_shown = False'
INFO: 2025-09-12 22:49:20,417: log_options() 'sync_enabled = True'
INFO: 2025-09-12 22:49:20,417: log_options() 'use_landscape_enabled = True'
INFO: 2025-09-12 22:49:20,417: log_options() 'wallhaven_api_key = '
INFO: 2025-09-12 22:49:20,417: log_options() 'wallpaper_auto_rotate = False'
INFO: 2025-09-12 22:49:20,417: log_options() 'wallpaper_display_mode = os'
INFO: 2025-09-12 22:49:20,417: clear_prepared_queue() 'Clearing prepared queue'
INFO: 2025-09-12 22:49:20,417: update_indicator() 'Setting file info to: /home/ted/.config/variety/Downloaded/Unsplash/photo-1755895926335-a113232e064f.jpg'
INFO: 2025-09-12 22:49:20,417: prepare_thread() 'Prepared buffer contains 0 images'
INFO: 2025-09-12 22:49:20,417: prepare_thread() 'Preparing some images'
INFO: 2025-09-12 22:49:20,417: trigger_download() 'Triggering download thread to check if download needed and possible'
INFO: 2025-09-12 22:49:20,417: prepare_thread() 'After search prepared buffer contains 2 images'
INFO: 2025-09-12 22:49:20,418: list_files() 'More than 1 files in the folders, stop listing'
INFO: 2025-09-12 22:49:20,418: prepare_thread() 'Prepared buffer contains 2 images'
INFO: 2025-09-12 22:49:20,518: do_set_wp() 'Calling do_set_wp with /home/ted/.config/variety/Downloaded/Unsplash/photo-1755895926335-a113232e064f.jpg, time: 1757738960.5186727'
INFO: 2025-09-12 22:49:20,526: update_indicator() 'Setting file info to: /home/ted/.config/variety/Downloaded/Unsplash/photo-1755895926335-a113232e064f.jpg'
INFO: 2025-09-12 22:49:20,526: list_files() 'More than 1 files in the folders, stop listing'
INFO: 2025-09-12 22:49:20,613: update_indicator() 'Setting file info to: /home/ted/.config/variety/Downloaded/Unsplash/photo-1755895926335-a113232e064f.jpg'
INFO: 2025-09-12 22:49:20,614: list_files() 'More than 1 files in the folders, stop listing'
INFO: 2025-09-12 22:49:21,106: get_throttling() 'Unsplash: parsing serverside options'
INFO: 2025-09-12 22:49:21,106: get_throttling() 'Unsplash serverside options: {'min_fill_queue_interval': 3600, 'min_download_interval': 1800}'
INFO: 2025-09-12 22:49:21,106: get_throttling() 'Unsplash: parsing serverside options'
INFO: 2025-09-12 22:49:21,106: get_throttling() 'Unsplash serverside options: {'min_fill_queue_interval': 3600, 'min_download_interval': 1800}'
INFO: 2025-09-12 22:49:21,106: download_one() 'Unsplash.com: Downloading an image, config: video game'
INFO: 2025-09-12 22:49:21,106: download_one() 'Unsplash.com: Queue size: 28'
INFO: 2025-09-12 22:49:21,106: download_one() 'Unsplash.com: Queue populated with 28 URLs'
INFO: 2025-09-12 22:49:21,106: save_locally() 'Origin URL: https://unsplash.com/photos/selective-focus-photography-of-snes-controller-13W6AqIKV_I?utm_source=Variety+Wallpaper+Changer&utm_medium=referral'
INFO: 2025-09-12 22:49:21,106: save_locally() 'Image URL: https://images.unsplash.com/photo-1531594896955-305cf81269f1?crop=entropy&cs=srgb&fm=jpg&ixid=M3wxMjIxfDB8MXxyYW5kb218fHx8fHx8fHwxNzU3NzM4OTU4fA&ixlib=rb-4.1.0&q=85&w=4608'
INFO: 2025-09-12 22:49:21,106: save_locally() 'Local path: /home/ted/.config/variety/Downloaded/unsplash-search_video_game/photo-1531594896955-305cf81269f1.jpg'
INFO: 2025-09-12 22:49:21,824: save_locally() 'Download complete'
INFO: 2025-09-12 22:49:21,825: update_indicator() 'Setting file info to: /home/ted/.config/variety/Downloaded/Unsplash/photo-1755895926335-a113232e064f.jpg'
INFO: 2025-09-12 22:49:21,826: list_files() 'More than 1 files in the folders, stop listing'
INFO: 2025-09-12 22:49:21,826: download_one_from() 'Adding downloaded file /home/ted/.config/variety/Downloaded/unsplash-search_video_game/photo-1531594896955-305cf81269f1.jpg to unseen_downloads'
INFO: 2025-09-12 22:49:22,417: trigger_download() 'Triggering download thread to check if download needed and possible'
INFO: 2025-09-12 22:49:22,418: trigger_download() 'Triggering download thread to check if download needed and possible'
INFO: 2025-09-12 22:49:22,827: get_throttling() 'Unsplash: parsing serverside options'
INFO: 2025-09-12 22:49:22,827: get_throttling() 'Unsplash serverside options: {'min_fill_queue_interval': 3600, 'min_download_interval': 1800}'
INFO: 2025-09-12 22:49:22,827: get_throttling() 'Unsplash: parsing serverside options'
INFO: 2025-09-12 22:49:22,827: get_throttling() 'Unsplash serverside options: {'min_fill_queue_interval': 3600, 'min_download_interval': 1800}'
INFO: 2025-09-12 22:49:22,827: download_one() 'Unsplash.com: Downloading an image, config: video game'
INFO: 2025-09-12 22:49:22,827: download_one() 'Unsplash.com: Queue size: 27'
INFO: 2025-09-12 22:49:22,827: download_one() 'Unsplash.com: Queue populated with 27 URLs'
INFO: 2025-09-12 22:49:22,827: save_locally() 'Origin URL: https://unsplash.com/photos/a-person-holding-a-video-game-controller-uv2lmRP0Kxc?utm_source=Variety+Wallpaper+Changer&utm_medium=referral'
INFO: 2025-09-12 22:49:22,827: save_locally() 'Image URL: https://images.unsplash.com/photo-1669901802168-d5dc863685c9?crop=entropy&cs=srgb&fm=jpg&ixid=M3wxMjIxfDB8MXxyYW5kb218fHx8fHx8fHwxNzU3NzM4OTU4fA&ixlib=rb-4.1.0&q=85&w=4608'
INFO: 2025-09-12 22:49:22,827: save_locally() 'Local path: /home/ted/.config/variety/Downloaded/unsplash-search_video_game/photo-1669901802168-d5dc863685c9.jpg'
INFO: 2025-09-12 22:49:23,580: save_locally() 'Download complete'
INFO: 2025-09-12 22:49:23,581: update_indicator() 'Setting file info to: /home/ted/.config/variety/Downloaded/Unsplash/photo-1755895926335-a113232e064f.jpg'
INFO: 2025-09-12 22:49:23,582: list_files() 'More than 1 files in the folders, stop listing'
INFO: 2025-09-12 22:49:23,582: purge_downloaded() 'Refreshed download folder size: 30.42648220062256 mb'
INFO: 2025-09-12 22:49:23,582: download_one_from() 'Adding downloaded file /home/ted/.config/variety/Downloaded/unsplash-search_video_game/photo-1669901802168-d5dc863685c9.jpg to unseen_downloads'
INFO: 2025-09-12 22:49:24,253: update_indicator() 'Setting file info to: /home/ted/.config/variety/Downloaded/Unsplash/photo-1755895926335-a113232e064f.jpg'
INFO: 2025-09-12 22:49:24,254: list_files() 'More than 1 files in the folders, stop listing'
INFO: 2025-09-12 22:49:24,583: get_throttling() 'Unsplash: parsing serverside options'
INFO: 2025-09-12 22:49:24,583: get_throttling() 'Unsplash serverside options: {'min_fill_queue_interval': 3600, 'min_download_interval': 1800}'
INFO: 2025-09-12 22:49:24,583: get_throttling() 'Unsplash: parsing serverside options'
INFO: 2025-09-12 22:49:24,583: get_throttling() 'Unsplash serverside options: {'min_fill_queue_interval': 3600, 'min_download_interval': 1800}'
INFO: 2025-09-12 22:49:24,583: download_one() 'Unsplash.com: Downloading an image, config: video game'
INFO: 2025-09-12 22:49:24,583: download_one() 'Unsplash.com: Queue size: 26'
INFO: 2025-09-12 22:49:24,583: download_one() 'Unsplash.com: Queue populated with 26 URLs'
INFO: 2025-09-12 22:49:24,583: save_locally() 'Origin URL: https://unsplash.com/photos/a-video-game-controller-sitting-in-front-of-a-tv-C6oEx8wBTw8?utm_source=Variety+Wallpaper+Changer&utm_medium=referral'
INFO: 2025-09-12 22:49:24,583: save_locally() 'Image URL: https://images.unsplash.com/photo-1728453788250-d5cc06ac5cae?crop=entropy&cs=srgb&fm=jpg&ixid=M3wxMjIxfDB8MXxyYW5kb218fHx8fHx8fHwxNzU3NzM4OTU4fA&ixlib=rb-4.1.0&q=85&w=4608'
INFO: 2025-09-12 22:49:24,583: save_locally() 'Local path: /home/ted/.config/variety/Downloaded/unsplash-search_video_game/photo-1728453788250-d5cc06ac5cae.jpg'
INFO: 2025-09-12 22:49:25,426: save_locally() 'Download complete'
INFO: 2025-09-12 22:49:25,427: update_indicator() 'Setting file info to: /home/ted/.config/variety/Downloaded/Unsplash/photo-1755895926335-a113232e064f.jpg'
INFO: 2025-09-12 22:49:25,428: list_files() 'More than 1 files in the folders, stop listing'
INFO: 2025-09-12 22:49:25,428: download_one_from() 'Adding downloaded file /home/ted/.config/variety/Downloaded/unsplash-search_video_game/photo-1728453788250-d5cc06ac5cae.jpg to unseen_downloads'
INFO: 2025-09-12 22:49:26,429: get_throttling() 'Unsplash: parsing serverside options'
INFO: 2025-09-12 22:49:26,429: get_throttling() 'Unsplash serverside options: {'min_fill_queue_interval': 3600, 'min_download_interval': 1800}'
INFO: 2025-09-12 22:49:26,429: get_throttling() 'Unsplash: parsing serverside options'
INFO: 2025-09-12 22:49:26,429: get_throttling() 'Unsplash serverside options: {'min_fill_queue_interval': 3600, 'min_download_interval': 1800}'
INFO: 2025-09-12 22:49:26,429: download_one() 'Unsplash.com: Downloading an image, config: video game'
INFO: 2025-09-12 22:49:26,429: download_one() 'Unsplash.com: Queue size: 25'
INFO: 2025-09-12 22:49:26,429: download_one() 'Unsplash.com: Queue populated with 25 URLs'
INFO: 2025-09-12 22:49:26,429: save_locally() 'Origin URL: https://unsplash.com/photos/a-video-game-console-sitting-on-top-of-a-wooden-table-uY6ZORCOCAM?utm_source=Variety+Wallpaper+Changer&utm_medium=referral'
INFO: 2025-09-12 22:49:26,429: save_locally() 'Image URL: https://images.unsplash.com/photo-1731405858377-6de0070d8d65?crop=entropy&cs=srgb&fm=jpg&ixid=M3wxMjIxfDB8MXxyYW5kb218fHx8fHx8fHwxNzU3NzM4OTU4fA&ixlib=rb-4.1.0&q=85&w=4608'
INFO: 2025-09-12 22:49:26,429: save_locally() 'Local path: /home/ted/.config/variety/Downloaded/unsplash-search_video_game/photo-1731405858377-6de0070d8d65.jpg'
INFO: 2025-09-12 22:49:27,071: save_locally() 'Download complete'
INFO: 2025-09-12 22:49:27,072: update_indicator() 'Setting file info to: /home/ted/.config/variety/Downloaded/Unsplash/photo-1755895926335-a113232e064f.jpg'
INFO: 2025-09-12 22:49:27,073: list_files() 'More than 1 files in the folders, stop listing'
INFO: 2025-09-12 22:49:27,073: download_one_from() 'Adding downloaded file /home/ted/.config/variety/Downloaded/unsplash-search_video_game/photo-1731405858377-6de0070d8d65.jpg to unseen_downloads'
INFO: 2025-09-12 22:49:28,074: get_throttling() 'Unsplash: parsing serverside options'
INFO: 2025-09-12 22:49:28,074: get_throttling() 'Unsplash serverside options: {'min_fill_queue_interval': 3600, 'min_download_interval': 1800}'
INFO: 2025-09-12 22:49:28,074: get_throttling() 'Unsplash: parsing serverside options'
INFO: 2025-09-12 22:49:28,074: get_throttling() 'Unsplash serverside options: {'min_fill_queue_interval': 3600, 'min_download_interval': 1800}'
INFO: 2025-09-12 22:49:28,074: download_one() 'Unsplash.com: Downloading an image, config: video game'
INFO: 2025-09-12 22:49:28,074: download_one() 'Unsplash.com: Queue size: 24'
INFO: 2025-09-12 22:49:28,074: download_one() 'Unsplash.com: Queue populated with 24 URLs'
INFO: 2025-09-12 22:49:28,074: save_locally() 'Origin URL: https://unsplash.com/photos/black-and-silver-laptop-computer-beside-black-sunglasses-dNDzRxSrGrU?utm_source=Variety+Wallpaper+Changer&utm_medium=referral'
INFO: 2025-09-12 22:49:28,074: save_locally() 'Image URL: https://images.unsplash.com/photo-1625645758520-69e4db363b8d?crop=entropy&cs=srgb&fm=jpg&ixid=M3wxMjIxfDB8MXxyYW5kb218fHx8fHx8fHwxNzU3NzM4OTU4fA&ixlib=rb-4.1.0&q=85&w=4608'
INFO: 2025-09-12 22:49:28,074: save_locally() 'Local path: /home/ted/.config/variety/Downloaded/unsplash-search_video_game/photo-1625645758520-69e4db363b8d.jpg'
INFO: 2025-09-12 22:49:29,173: save_locally() 'Download complete'
INFO: 2025-09-12 22:49:29,173: update_indicator() 'Setting file info to: /home/ted/.config/variety/Downloaded/Unsplash/photo-1755895926335-a113232e064f.jpg'
INFO: 2025-09-12 22:49:29,174: list_files() 'More than 1 files in the folders, stop listing'
INFO: 2025-09-12 22:49:29,175: download_one_from() 'Adding downloaded file /home/ted/.config/variety/Downloaded/unsplash-search_video_game/photo-1625645758520-69e4db363b8d.jpg to unseen_downloads'
INFO: 2025-09-12 22:49:30,175: get_throttling() 'Unsplash: parsing serverside options'
INFO: 2025-09-12 22:49:30,175: get_throttling() 'Unsplash serverside options: {'min_fill_queue_interval': 3600, 'min_download_interval': 1800}'
INFO: 2025-09-12 22:49:30,175: get_throttling() 'Unsplash: parsing serverside options'
INFO: 2025-09-12 22:49:30,175: get_throttling() 'Unsplash serverside options: {'min_fill_queue_interval': 3600, 'min_download_interval': 1800}'
INFO: 2025-09-12 22:49:30,175: download_one() 'Unsplash.com: Downloading an image, config: video game'
INFO: 2025-09-12 22:49:30,175: download_one() 'Unsplash.com: Queue size: 23'
INFO: 2025-09-12 22:49:30,175: download_one() 'Unsplash.com: Queue populated with 23 URLs'
INFO: 2025-09-12 22:49:30,176: save_locally() 'Origin URL: https://unsplash.com/photos/a-group-of-nintendo-wii-game-controllers-sitting-on-top-of-a-wooden-floor-uYSu9Ih8gz8?utm_source=Variety+Wallpaper+Changer&utm_medium=referral'
INFO: 2025-09-12 22:49:30,176: save_locally() 'Image URL: https://images.unsplash.com/photo-1687525694034-cdd65247456d?crop=entropy&cs=srgb&fm=jpg&ixid=M3wxMjIxfDB8MXxyYW5kb218fHx8fHx8fHwxNzU3NzM4OTU4fA&ixlib=rb-4.1.0&q=85&w=4608'
INFO: 2025-09-12 22:49:30,176: save_locally() 'Local path: /home/ted/.config/variety/Downloaded/unsplash-search_video_game/photo-1687525694034-cdd65247456d.jpg'
INFO: 2025-09-12 22:49:31,031: save_locally() 'Download complete'
INFO: 2025-09-12 22:49:31,031: update_indicator() 'Setting file info to: /home/ted/.config/variety/Downloaded/Unsplash/photo-1755895926335-a113232e064f.jpg'
INFO: 2025-09-12 22:49:31,032: list_files() 'More than 1 files in the folders, stop listing'
INFO: 2025-09-12 22:49:31,032: download_one_from() 'Adding downloaded file /home/ted/.config/variety/Downloaded/unsplash-search_video_game/photo-1687525694034-cdd65247456d.jpg to unseen_downloads'
INFO: 2025-09-12 22:49:32,033: get_throttling() 'Unsplash: parsing serverside options'
INFO: 2025-09-12 22:49:32,033: get_throttling() 'Unsplash serverside options: {'min_fill_queue_interval': 3600, 'min_download_interval': 1800}'
INFO: 2025-09-12 22:49:32,033: get_throttling() 'Unsplash: parsing serverside options'
INFO: 2025-09-12 22:49:32,033: get_throttling() 'Unsplash serverside options: {'min_fill_queue_interval': 3600, 'min_download_interval': 1800}'
INFO: 2025-09-12 22:49:32,033: download_one() 'Unsplash.com: Downloading an image, config: video game'
INFO: 2025-09-12 22:49:32,033: download_one() 'Unsplash.com: Queue size: 22'
INFO: 2025-09-12 22:49:32,033: download_one() 'Unsplash.com: Queue populated with 22 URLs'
INFO: 2025-09-12 22:49:32,033: save_locally() 'Origin URL: https://unsplash.com/photos/a-living-room-with-a-large-television-and-neon-lights-LKGNbWDyKuo?utm_source=Variety+Wallpaper+Changer&utm_medium=referral'
INFO: 2025-09-12 22:49:32,033: save_locally() 'Image URL: https://images.unsplash.com/photo-1715279240000-9a50953e327d?crop=entropy&cs=srgb&fm=jpg&ixid=M3wxMjIxfDB8MXxyYW5kb218fHx8fHx8fHwxNzU3NzM4OTU4fA&ixlib=rb-4.1.0&q=85&w=4608'
INFO: 2025-09-12 22:49:32,033: save_locally() 'Local path: /home/ted/.config/variety/Downloaded/unsplash-search_video_game/photo-1715279240000-9a50953e327d.jpg'
INFO: 2025-09-12 22:49:33,761: save_locally() 'Download complete'
INFO: 2025-09-12 22:49:33,761: update_indicator() 'Setting file info to: /home/ted/.config/variety/Downloaded/Unsplash/photo-1755895926335-a113232e064f.jpg'
INFO: 2025-09-12 22:49:33,762: list_files() 'More than 1 files in the folders, stop listing'
INFO: 2025-09-12 22:49:33,762: download_one_from() 'Adding downloaded file /home/ted/.config/variety/Downloaded/unsplash-search_video_game/photo-1715279240000-9a50953e327d.jpg to unseen_downloads'
INFO: 2025-09-12 22:49:34,763: get_throttling() 'Unsplash: parsing serverside options'
INFO: 2025-09-12 22:49:34,763: get_throttling() 'Unsplash serverside options: {'min_fill_queue_interval': 3600, 'min_download_interval': 1800}'
INFO: 2025-09-12 22:49:34,763: get_throttling() 'Unsplash: parsing serverside options'
INFO: 2025-09-12 22:49:34,763: get_throttling() 'Unsplash serverside options: {'min_fill_queue_interval': 3600, 'min_download_interval': 1800}'
INFO: 2025-09-12 22:49:34,763: download_one() 'Unsplash.com: Downloading an image, config: video game'
INFO: 2025-09-12 22:49:34,763: download_one() 'Unsplash.com: Queue size: 21'
INFO: 2025-09-12 22:49:34,763: download_one() 'Unsplash.com: Queue populated with 21 URLs'
INFO: 2025-09-12 22:49:34,763: save_locally() 'Origin URL: https://unsplash.com/photos/a-video-game-console-sitting-on-top-of-a-table-CYpPNooT1NA?utm_source=Variety+Wallpaper+Changer&utm_medium=referral'
INFO: 2025-09-12 22:49:34,763: save_locally() 'Image URL: https://images.unsplash.com/photo-1709587797077-7a2c94411514?crop=entropy&cs=srgb&fm=jpg&ixid=M3wxMjIxfDB8MXxyYW5kb218fHx8fHx8fHwxNzU3NzM4OTU4fA&ixlib=rb-4.1.0&q=85&w=4608'
INFO: 2025-09-12 22:49:34,763: save_locally() 'Local path: /home/ted/.config/variety/Downloaded/unsplash-search_video_game/photo-1709587797077-7a2c94411514.jpg'
INFO: 2025-09-12 22:49:35,491: save_locally() 'Download complete'
INFO: 2025-09-12 22:49:35,492: update_indicator() 'Setting file info to: /home/ted/.config/variety/Downloaded/Unsplash/photo-1755895926335-a113232e064f.jpg'
INFO: 2025-09-12 22:49:35,493: list_files() 'More than 1 files in the folders, stop listing'
INFO: 2025-09-12 22:49:35,493: download_one_from() 'Adding downloaded file /home/ted/.config/variety/Downloaded/unsplash-search_video_game/photo-1709587797077-7a2c94411514.jpg to unseen_downloads'
INFO: 2025-09-12 22:49:36,428: apply() 'Applying preferences'
INFO: 2025-09-12 22:49:36,432: set_visible() 'Showing status icon'
INFO: 2025-09-12 22:49:36,432: set_from_theme_icon() 'Showing status icon variety-indicator from GTK theme'
INFO: 2025-09-12 22:49:36,432: log_options() 'Loaded options:'
INFO: 2025-09-12 22:49:36,432: log_options() 'change_enabled = True'
INFO: 2025-09-12 22:49:36,432: log_options() 'change_interval = 86400'
INFO: 2025-09-12 22:49:36,432: log_options() 'change_on_start = True'
INFO: 2025-09-12 22:49:36,432: log_options() 'clipboard_enabled = False'
INFO: 2025-09-12 22:49:36,432: log_options() 'clipboard_hosts = ['wallhaven.cc', 'wallpapers.net', 'flickr.com', 'imgur.com', 'deviantart.com', 'interfacelift.com', 'vladstudio.com', 'imageshack.us', 'deviantart.net', 'imageshack.com']'
INFO: 2025-09-12 22:49:36,432: log_options() 'clipboard_use_whitelist = True'
INFO: 2025-09-12 22:49:36,432: log_options() 'clock_date_font = Serif 30'
INFO: 2025-09-12 22:49:36,432: log_options() 'clock_enabled = False'
INFO: 2025-09-12 22:49:36,432: log_options() 'clock_filter = -density 100 -font `fc-match -f '%{file[0]}' '%CLOCK_FONT_NAME'` -pointsize %CLOCK_FONT_SIZE -gravity SouthEast -fill '#00000044' -annotate 0x0+[%HOFFSET+58]+[%VOFFSET+108] '%H:%M' -fill white -annotate 0x0+[%HOFFSET+60]+[%VOFFSET+110] '%H:%M' -font `fc-match -f '%{file[0]}' '%DATE_FONT_NAME'` -pointsize %DATE_FONT_SIZE -fill '#00000044' -annotate 0x0+[%HOFFSET+58]+[%VOFFSET+58] '%A, %B %d' -fill white -annotate 0x0+[%HOFFSET+60]+[%VOFFSET+60] '%A, %B %d''
INFO: 2025-09-12 22:49:36,432: log_options() 'clock_font = Serif 70'
INFO: 2025-09-12 22:49:36,432: log_options() 'configfile = /home/ted/.config/variety/variety.conf'
INFO: 2025-09-12 22:49:36,432: log_options() 'copyto_enabled = False'
INFO: 2025-09-12 22:49:36,432: log_options() 'copyto_folder = Default'
INFO: 2025-09-12 22:49:36,432: log_options() 'desired_color = [160, 160, 160]'
INFO: 2025-09-12 22:49:36,432: log_options() 'desired_color_enabled = False'
INFO: 2025-09-12 22:49:36,432: log_options() 'download_folder = /home/ted/.config/variety/Downloaded'
INFO: 2025-09-12 22:49:36,432: log_options() 'download_preference_ratio = 0.9'
INFO: 2025-09-12 22:49:36,432: log_options() 'favorites_folder = /home/ted/.config/variety/Favorites'
INFO: 2025-09-12 22:49:36,432: log_options() 'favorites_operations = [['Downloaded', 'Copy'], ['Fetched', 'Move'], ['Others', 'Copy']]'
INFO: 2025-09-12 22:49:36,432: log_options() 'fetched_folder = /home/ted/.config/variety/Fetched'
INFO: 2025-09-12 22:49:36,432: log_options() 'filters = [[False, 'Keep original', ''], [False, 'Grayscale', '-type Grayscale'], [False, 'Heavy blur', '-scale 20% -blur 0x10 -resize 500%'], [False, 'Soft blur', '-scale 20% -blur 0x2 -resize 500%'], [False, 'Oil painting', '-paint 8'], [False, 'Pointilism', '-spread 10 -noise 3'], [False, 'Pixellate', '-scale 3% -scale 3333%']]'
INFO: 2025-09-12 22:49:36,432: log_options() 'get_wallpaper_script = /home/ted/.config/variety/scripts/get_wallpaper'
INFO: 2025-09-12 22:49:36,432: log_options() 'icon = Light'
INFO: 2025-09-12 22:49:36,432: log_options() 'internet_enabled = True'
INFO: 2025-09-12 22:49:36,432: log_options() 'lightness_enabled = False'
INFO: 2025-09-12 22:49:36,432: log_options() 'lightness_mode = 0'
INFO: 2025-09-12 22:49:36,432: log_options() 'min_rating = 4'
INFO: 2025-09-12 22:49:36,432: log_options() 'min_rating_enabled = False'
INFO: 2025-09-12 22:49:36,432: log_options() 'min_size = 80'
INFO: 2025-09-12 22:49:36,432: log_options() 'min_size_enabled = False'
INFO: 2025-09-12 22:49:36,432: log_options() 'name_regex = .*'
INFO: 2025-09-12 22:49:36,432: log_options() 'name_regex_enabled = False'
INFO: 2025-09-12 22:49:36,432: log_options() 'quota_enabled = True'
INFO: 2025-09-12 22:49:36,432: log_options() 'quota_size = 1000'
INFO: 2025-09-12 22:49:36,432: log_options() 'quotes_authors = '
INFO: 2025-09-12 22:49:36,432: log_options() 'quotes_bg_color = [80, 80, 80]'
INFO: 2025-09-12 22:49:36,432: log_options() 'quotes_bg_opacity = 55'
INFO: 2025-09-12 22:49:36,432: log_options() 'quotes_change_enabled = False'
INFO: 2025-09-12 22:49:36,432: log_options() 'quotes_change_interval = 300'
INFO: 2025-09-12 22:49:36,432: log_options() 'quotes_disabled_sources = ['Urban Dictionary']'
INFO: 2025-09-12 22:49:36,432: log_options() 'quotes_enabled = False'
INFO: 2025-09-12 22:49:36,432: log_options() 'quotes_favorites_file = /home/ted/.config/variety/favorite_quotes.txt'
INFO: 2025-09-12 22:49:36,432: log_options() 'quotes_font = Serif 30'
INFO: 2025-09-12 22:49:36,432: log_options() 'quotes_hpos = 100'
INFO: 2025-09-12 22:49:36,433: log_options() 'quotes_max_length = 250'
INFO: 2025-09-12 22:49:36,433: log_options() 'quotes_tags = '
INFO: 2025-09-12 22:49:36,433: log_options() 'quotes_text_color = [255, 255, 255]'
INFO: 2025-09-12 22:49:36,433: log_options() 'quotes_text_shadow = False'
INFO: 2025-09-12 22:49:36,433: log_options() 'quotes_vpos = 40'
INFO: 2025-09-12 22:49:36,433: log_options() 'quotes_width = 70'
INFO: 2025-09-12 22:49:36,433: log_options() 'safe_mode = False'
INFO: 2025-09-12 22:49:36,433: log_options() 'set_wallpaper_script = /home/ted/.config/variety/scripts/set_wallpaper'
INFO: 2025-09-12 22:49:36,433: log_options() 'slideshow_custom_enabled = False'
INFO: 2025-09-12 22:49:36,433: log_options() 'slideshow_custom_folder = /home/ted/Pictures'
INFO: 2025-09-12 22:49:36,433: log_options() 'slideshow_downloads_enabled = False'
INFO: 2025-09-12 22:49:36,433: log_options() 'slideshow_fade = 0.4'
INFO: 2025-09-12 22:49:36,433: log_options() 'slideshow_favorites_enabled = True'
INFO: 2025-09-12 22:49:36,433: log_options() 'slideshow_mode = Fullscreen'
INFO: 2025-09-12 22:49:36,433: log_options() 'slideshow_monitor = All'
INFO: 2025-09-12 22:49:36,433: log_options() 'slideshow_pan = 0.05'
INFO: 2025-09-12 22:49:36,433: log_options() 'slideshow_seconds = 6.0'
INFO: 2025-09-12 22:49:36,433: log_options() 'slideshow_sort_order = Random'
INFO: 2025-09-12 22:49:36,433: log_options() 'slideshow_sources_enabled = True'
INFO: 2025-09-12 22:49:36,433: log_options() 'slideshow_zoom = 0.2'
INFO: 2025-09-12 22:49:36,433: log_options() 'smart_enabled = False'
INFO: 2025-09-12 22:49:36,433: log_options() 'smart_notice_shown = False'
INFO: 2025-09-12 22:49:36,433: log_options() 'smart_register_shown = False'
INFO: 2025-09-12 22:49:36,433: log_options() 'sources = [[False, 'favorites', 'The Favorites folder'], [False, 'fetched', 'The Fetched folder'], [False, 'folder', '/usr/share/backgrounds'], [False, 'flickr', 'user:www.flickr.com/photos/peter-levi/;user_id:93647178@N00;'], [False, 'apod', "NASA's Astronomy Picture of the Day"], [False, 'bing', 'Bing Photo of the Day'], [False, 'earthview', 'Google Earth View Wallpapers'], [False, 'natgeo', "National Geographic's photo of the day"], [False, 'unsplash', 'High-resolution photos from Unsplash.com'], [False, 'unsplash-search', 'video game']]'
INFO: 2025-09-12 22:49:36,433: log_options() 'stats_enabled = True'
INFO: 2025-09-12 22:49:36,433: log_options() 'stats_notice_shown = False'
INFO: 2025-09-12 22:49:36,433: log_options() 'sync_enabled = True'
INFO: 2025-09-12 22:49:36,433: log_options() 'use_landscape_enabled = True'
INFO: 2025-09-12 22:49:36,433: log_options() 'wallhaven_api_key = '
INFO: 2025-09-12 22:49:36,433: log_options() 'wallpaper_auto_rotate = False'
INFO: 2025-09-12 22:49:36,433: log_options() 'wallpaper_display_mode = os'
INFO: 2025-09-12 22:49:36,433: clear_prepared_queue() 'Clearing prepared queue'
INFO: 2025-09-12 22:49:36,433: update_indicator() 'Setting file info to: /home/ted/.config/variety/Downloaded/Unsplash/photo-1755895926335-a113232e064f.jpg'
INFO: 2025-09-12 22:49:36,433: prepare_thread() 'Prepared buffer contains 0 images'
INFO: 2025-09-12 22:49:36,433: prepare_thread() 'Preparing some images'
INFO: 2025-09-12 22:49:36,433: prepare_thread() 'After search prepared buffer contains 0 images'
INFO: 2025-09-12 22:49:36,434: list_files() 'More than 1 files in the folders, stop listing'
INFO: 2025-09-12 22:49:36,434: prepare_thread() 'Prepared buffer contains 0 images'
INFO: 2025-09-12 22:49:36,434: prepare_thread() 'Preparing some images'
INFO: 2025-09-12 22:49:36,434: prepare_thread() 'After search prepared buffer contains 0 images'
INFO: 2025-09-12 22:49:36,534: do_set_wp() 'Calling do_set_wp with /home/ted/.config/variety/Downloaded/Unsplash/photo-1755895926335-a113232e064f.jpg, time: 1757738976.5348277'
INFO: 2025-09-12 22:49:36,542: update_indicator() 'Setting file info to: /home/ted/.config/variety/Downloaded/Unsplash/photo-1755895926335-a113232e064f.jpg'
INFO: 2025-09-12 22:49:36,543: list_files() 'More than 1 files in the folders, stop listing'
INFO: 2025-09-12 22:49:38,433: trigger_download() 'Triggering download thread to check if download needed and possible'
INFO: 2025-09-12 22:49:38,434: trigger_download() 'Triggering download thread to check if download needed and possible'
INFO: 2025-09-12 22:49:41,398: apply() 'Applying preferences'
INFO: 2025-09-12 22:49:41,401: set_visible() 'Showing status icon'
INFO: 2025-09-12 22:49:41,402: set_from_theme_icon() 'Showing status icon variety-indicator from GTK theme'
INFO: 2025-09-12 22:49:41,402: log_options() 'Loaded options:'
INFO: 2025-09-12 22:49:41,402: log_options() 'change_enabled = True'
INFO: 2025-09-12 22:49:41,402: log_options() 'change_interval = 86400'
INFO: 2025-09-12 22:49:41,402: log_options() 'change_on_start = True'
INFO: 2025-09-12 22:49:41,402: log_options() 'clipboard_enabled = False'
INFO: 2025-09-12 22:49:41,402: log_options() 'clipboard_hosts = ['wallhaven.cc', 'wallpapers.net', 'flickr.com', 'imgur.com', 'deviantart.com', 'interfacelift.com', 'vladstudio.com', 'imageshack.us', 'deviantart.net', 'imageshack.com']'
INFO: 2025-09-12 22:49:41,402: log_options() 'clipboard_use_whitelist = True'
INFO: 2025-09-12 22:49:41,402: log_options() 'clock_date_font = Serif 30'
INFO: 2025-09-12 22:49:41,402: log_options() 'clock_enabled = False'
INFO: 2025-09-12 22:49:41,402: log_options() 'clock_filter = -density 100 -font `fc-match -f '%{file[0]}' '%CLOCK_FONT_NAME'` -pointsize %CLOCK_FONT_SIZE -gravity SouthEast -fill '#00000044' -annotate 0x0+[%HOFFSET+58]+[%VOFFSET+108] '%H:%M' -fill white -annotate 0x0+[%HOFFSET+60]+[%VOFFSET+110] '%H:%M' -font `fc-match -f '%{file[0]}' '%DATE_FONT_NAME'` -pointsize %DATE_FONT_SIZE -fill '#00000044' -annotate 0x0+[%HOFFSET+58]+[%VOFFSET+58] '%A, %B %d' -fill white -annotate 0x0+[%HOFFSET+60]+[%VOFFSET+60] '%A, %B %d''
INFO: 2025-09-12 22:49:41,402: log_options() 'clock_font = Serif 70'
INFO: 2025-09-12 22:49:41,402: log_options() 'configfile = /home/ted/.config/variety/variety.conf'
INFO: 2025-09-12 22:49:41,402: log_options() 'copyto_enabled = False'
INFO: 2025-09-12 22:49:41,402: log_options() 'copyto_folder = Default'
INFO: 2025-09-12 22:49:41,402: log_options() 'desired_color = [160, 160, 160]'
INFO: 2025-09-12 22:49:41,402: log_options() 'desired_color_enabled = False'
INFO: 2025-09-12 22:49:41,402: log_options() 'download_folder = /home/ted/.config/variety/Downloaded'
INFO: 2025-09-12 22:49:41,402: log_options() 'download_preference_ratio = 0.9'
INFO: 2025-09-12 22:49:41,402: log_options() 'favorites_folder = /home/ted/.config/variety/Favorites'
INFO: 2025-09-12 22:49:41,402: log_options() 'favorites_operations = [['Downloaded', 'Copy'], ['Fetched', 'Move'], ['Others', 'Copy']]'
INFO: 2025-09-12 22:49:41,402: log_options() 'fetched_folder = /home/ted/.config/variety/Fetched'
INFO: 2025-09-12 22:49:41,402: log_options() 'filters = [[False, 'Keep original', ''], [False, 'Grayscale', '-type Grayscale'], [False, 'Heavy blur', '-scale 20% -blur 0x10 -resize 500%'], [False, 'Soft blur', '-scale 20% -blur 0x2 -resize 500%'], [False, 'Oil painting', '-paint 8'], [False, 'Pointilism', '-spread 10 -noise 3'], [False, 'Pixellate', '-scale 3% -scale 3333%']]'
INFO: 2025-09-12 22:49:41,402: log_options() 'get_wallpaper_script = /home/ted/.config/variety/scripts/get_wallpaper'
INFO: 2025-09-12 22:49:41,402: log_options() 'icon = Light'
INFO: 2025-09-12 22:49:41,402: log_options() 'internet_enabled = True'
INFO: 2025-09-12 22:49:41,402: log_options() 'lightness_enabled = False'
INFO: 2025-09-12 22:49:41,402: log_options() 'lightness_mode = 0'
INFO: 2025-09-12 22:49:41,402: log_options() 'min_rating = 4'
INFO: 2025-09-12 22:49:41,402: log_options() 'min_rating_enabled = False'
INFO: 2025-09-12 22:49:41,402: log_options() 'min_size = 80'
INFO: 2025-09-12 22:49:41,402: log_options() 'min_size_enabled = False'
INFO: 2025-09-12 22:49:41,402: log_options() 'name_regex = .*'
INFO: 2025-09-12 22:49:41,402: log_options() 'name_regex_enabled = False'
INFO: 2025-09-12 22:49:41,402: log_options() 'quota_enabled = True'
INFO: 2025-09-12 22:49:41,402: log_options() 'quota_size = 1000'
INFO: 2025-09-12 22:49:41,402: log_options() 'quotes_authors = '
INFO: 2025-09-12 22:49:41,402: log_options() 'quotes_bg_color = [80, 80, 80]'
INFO: 2025-09-12 22:49:41,402: log_options() 'quotes_bg_opacity = 55'
INFO: 2025-09-12 22:49:41,402: log_options() 'quotes_change_enabled = False'
INFO: 2025-09-12 22:49:41,402: log_options() 'quotes_change_interval = 300'
INFO: 2025-09-12 22:49:41,402: log_options() 'quotes_disabled_sources = ['Urban Dictionary']'
INFO: 2025-09-12 22:49:41,402: log_options() 'quotes_enabled = False'
INFO: 2025-09-12 22:49:41,402: log_options() 'quotes_favorites_file = /home/ted/.config/variety/favorite_quotes.txt'
INFO: 2025-09-12 22:49:41,402: log_options() 'quotes_font = Serif 30'
INFO: 2025-09-12 22:49:41,402: log_options() 'quotes_hpos = 100'
INFO: 2025-09-12 22:49:41,402: log_options() 'quotes_max_length = 250'
INFO: 2025-09-12 22:49:41,402: log_options() 'quotes_tags = '
INFO: 2025-09-12 22:49:41,403: log_options() 'quotes_text_color = [255, 255, 255]'
INFO: 2025-09-12 22:49:41,403: log_options() 'quotes_text_shadow = False'
INFO: 2025-09-12 22:49:41,403: log_options() 'quotes_vpos = 40'
INFO: 2025-09-12 22:49:41,403: log_options() 'quotes_width = 70'
INFO: 2025-09-12 22:49:41,403: log_options() 'safe_mode = False'
INFO: 2025-09-12 22:49:41,403: log_options() 'set_wallpaper_script = /home/ted/.config/variety/scripts/set_wallpaper'
INFO: 2025-09-12 22:49:41,403: log_options() 'slideshow_custom_enabled = False'
INFO: 2025-09-12 22:49:41,403: log_options() 'slideshow_custom_folder = /home/ted/Pictures'
INFO: 2025-09-12 22:49:41,403: log_options() 'slideshow_downloads_enabled = False'
INFO: 2025-09-12 22:49:41,403: log_options() 'slideshow_fade = 0.4'
INFO: 2025-09-12 22:49:41,403: log_options() 'slideshow_favorites_enabled = True'
INFO: 2025-09-12 22:49:41,403: log_options() 'slideshow_mode = Fullscreen'
INFO: 2025-09-12 22:49:41,403: log_options() 'slideshow_monitor = All'
INFO: 2025-09-12 22:49:41,403: log_options() 'slideshow_pan = 0.05'
INFO: 2025-09-12 22:49:41,403: log_options() 'slideshow_seconds = 6.0'
INFO: 2025-09-12 22:49:41,403: log_options() 'slideshow_sort_order = Random'
INFO: 2025-09-12 22:49:41,403: log_options() 'slideshow_sources_enabled = True'
INFO: 2025-09-12 22:49:41,403: log_options() 'slideshow_zoom = 0.2'
INFO: 2025-09-12 22:49:41,403: log_options() 'smart_enabled = False'
INFO: 2025-09-12 22:49:41,403: log_options() 'smart_notice_shown = False'
INFO: 2025-09-12 22:49:41,403: log_options() 'smart_register_shown = False'
INFO: 2025-09-12 22:49:41,403: log_options() 'sources = [[False, 'favorites', 'The Favorites folder'], [False, 'fetched', 'The Fetched folder'], [True, 'folder', '/usr/share/backgrounds'], [False, 'flickr', 'user:www.flickr.com/photos/peter-levi/;user_id:93647178@N00;'], [False, 'apod', "NASA's Astronomy Picture of the Day"], [False, 'bing', 'Bing Photo of the Day'], [False, 'earthview', 'Google Earth View Wallpapers'], [False, 'natgeo', "National Geographic's photo of the day"], [False, 'unsplash', 'High-resolution photos from Unsplash.com'], [False, 'unsplash-search', 'video game']]'
INFO: 2025-09-12 22:49:41,403: log_options() 'stats_enabled = True'
INFO: 2025-09-12 22:49:41,403: log_options() 'stats_notice_shown = False'
INFO: 2025-09-12 22:49:41,403: log_options() 'sync_enabled = True'
INFO: 2025-09-12 22:49:41,403: log_options() 'use_landscape_enabled = True'
INFO: 2025-09-12 22:49:41,403: log_options() 'wallhaven_api_key = '
INFO: 2025-09-12 22:49:41,403: log_options() 'wallpaper_auto_rotate = False'
INFO: 2025-09-12 22:49:41,403: log_options() 'wallpaper_display_mode = os'
INFO: 2025-09-12 22:49:41,403: clear_prepared_queue() 'Clearing prepared queue'
INFO: 2025-09-12 22:49:41,403: update_indicator() 'Setting file info to: /home/ted/.config/variety/Downloaded/Unsplash/photo-1755895926335-a113232e064f.jpg'
INFO: 2025-09-12 22:49:41,403: prepare_thread() 'Prepared buffer contains 0 images'
INFO: 2025-09-12 22:49:41,403: prepare_thread() 'Preparing some images'
INFO: 2025-09-12 22:49:41,403: prepare_thread() 'After search prepared buffer contains 0 images'
INFO: 2025-09-12 22:49:41,404: list_files() 'More than 1 files in the folders, stop listing'
INFO: 2025-09-12 22:49:41,404: prepare_thread() 'Prepared buffer contains 0 images'
INFO: 2025-09-12 22:49:41,404: prepare_thread() 'Preparing some images'
INFO: 2025-09-12 22:49:41,405: prepare_thread() 'After search prepared buffer contains 0 images'
INFO: 2025-09-12 22:49:41,504: do_set_wp() 'Calling do_set_wp with /home/ted/.config/variety/Downloaded/Unsplash/photo-1755895926335-a113232e064f.jpg, time: 1757738981.5047402'
INFO: 2025-09-12 22:49:41,512: update_indicator() 'Setting file info to: /home/ted/.config/variety/Downloaded/Unsplash/photo-1755895926335-a113232e064f.jpg'
INFO: 2025-09-12 22:49:41,513: list_files() 'More than 1 files in the folders, stop listing'
INFO: 2025-09-12 22:49:41,599: update_indicator() 'Setting file info to: /home/ted/.config/variety/Downloaded/Unsplash/photo-1755895926335-a113232e064f.jpg'
INFO: 2025-09-12 22:49:41,600: list_files() 'More than 1 files in the folders, stop listing'
INFO: 2025-09-12 22:49:43,403: trigger_download() 'Triggering download thread to check if download needed and possible'
INFO: 2025-09-12 22:49:43,405: trigger_download() 'Triggering download thread to check if download needed and possible'
INFO: 2025-09-12 22:51:59,849: apply() 'Applying preferences'
INFO: 2025-09-12 22:51:59,853: log_options() 'Loaded options:'
INFO: 2025-09-12 22:51:59,853: log_options() 'change_enabled = True'
INFO: 2025-09-12 22:51:59,853: log_options() 'change_interval = 86400'
INFO: 2025-09-12 22:51:59,853: log_options() 'change_on_start = True'
INFO: 2025-09-12 22:51:59,853: log_options() 'clipboard_enabled = False'
INFO: 2025-09-12 22:51:59,853: log_options() 'clipboard_hosts = ['wallhaven.cc', 'wallpapers.net', 'flickr.com', 'imgur.com', 'deviantart.com', 'interfacelift.com', 'vladstudio.com', 'imageshack.us', 'deviantart.net', 'imageshack.com']'
INFO: 2025-09-12 22:51:59,853: log_options() 'clipboard_use_whitelist = True'
INFO: 2025-09-12 22:51:59,853: log_options() 'clock_date_font = Serif 30'
INFO: 2025-09-12 22:51:59,853: log_options() 'clock_enabled = False'
INFO: 2025-09-12 22:51:59,853: log_options() 'clock_filter = -density 100 -font `fc-match -f '%{file[0]}' '%CLOCK_FONT_NAME'` -pointsize %CLOCK_FONT_SIZE -gravity SouthEast -fill '#00000044' -annotate 0x0+[%HOFFSET+58]+[%VOFFSET+108] '%H:%M' -fill white -annotate 0x0+[%HOFFSET+60]+[%VOFFSET+110] '%H:%M' -font `fc-match -f '%{file[0]}' '%DATE_FONT_NAME'` -pointsize %DATE_FONT_SIZE -fill '#00000044' -annotate 0x0+[%HOFFSET+58]+[%VOFFSET+58] '%A, %B %d' -fill white -annotate 0x0+[%HOFFSET+60]+[%VOFFSET+60] '%A, %B %d''
INFO: 2025-09-12 22:51:59,853: log_options() 'clock_font = Serif 70'
INFO: 2025-09-12 22:51:59,853: log_options() 'configfile = /home/ted/.config/variety/variety.conf'
INFO: 2025-09-12 22:51:59,853: log_options() 'copyto_enabled = False'
INFO: 2025-09-12 22:51:59,853: log_options() 'copyto_folder = Default'
INFO: 2025-09-12 22:51:59,853: log_options() 'desired_color = [160, 160, 160]'
INFO: 2025-09-12 22:51:59,853: log_options() 'desired_color_enabled = False'
INFO: 2025-09-12 22:51:59,853: log_options() 'download_folder = /home/ted/.config/variety/Downloaded'
INFO: 2025-09-12 22:51:59,853: log_options() 'download_preference_ratio = 0.9'
INFO: 2025-09-12 22:51:59,853: log_options() 'favorites_folder = /home/ted/.config/variety/Favorites'
INFO: 2025-09-12 22:51:59,853: log_options() 'favorites_operations = [['Downloaded', 'Copy'], ['Fetched', 'Move'], ['Others', 'Copy']]'
INFO: 2025-09-12 22:51:59,853: log_options() 'fetched_folder = /home/ted/.config/variety/Fetched'
INFO: 2025-09-12 22:51:59,853: log_options() 'filters = [[False, 'Keep original', ''], [False, 'Grayscale', '-type Grayscale'], [False, 'Heavy blur', '-scale 20% -blur 0x10 -resize 500%'], [False, 'Soft blur', '-scale 20% -blur 0x2 -resize 500%'], [False, 'Oil painting', '-paint 8'], [False, 'Pointilism', '-spread 10 -noise 3'], [False, 'Pixellate', '-scale 3% -scale 3333%']]'
INFO: 2025-09-12 22:51:59,853: log_options() 'get_wallpaper_script = /home/ted/.config/variety/scripts/get_wallpaper'
INFO: 2025-09-12 22:51:59,853: log_options() 'icon = Light'
INFO: 2025-09-12 22:51:59,853: log_options() 'internet_enabled = True'
INFO: 2025-09-12 22:51:59,853: log_options() 'lightness_enabled = False'
INFO: 2025-09-12 22:51:59,853: log_options() 'lightness_mode = 0'
INFO: 2025-09-12 22:51:59,853: log_options() 'min_rating = 4'
INFO: 2025-09-12 22:51:59,854: log_options() 'min_rating_enabled = False'
INFO: 2025-09-12 22:51:59,854: log_options() 'min_size = 80'
INFO: 2025-09-12 22:51:59,854: log_options() 'min_size_enabled = False'
INFO: 2025-09-12 22:51:59,854: log_options() 'name_regex = .*'
INFO: 2025-09-12 22:51:59,854: log_options() 'name_regex_enabled = False'
INFO: 2025-09-12 22:51:59,854: log_options() 'quota_enabled = True'
INFO: 2025-09-12 22:51:59,854: log_options() 'quota_size = 1000'
INFO: 2025-09-12 22:51:59,854: log_options() 'quotes_authors = '
INFO: 2025-09-12 22:51:59,854: log_options() 'quotes_bg_color = [80, 80, 80]'
INFO: 2025-09-12 22:51:59,854: log_options() 'quotes_bg_opacity = 55'
INFO: 2025-09-12 22:51:59,854: log_options() 'quotes_change_enabled = False'
INFO: 2025-09-12 22:51:59,854: log_options() 'quotes_change_interval = 300'
INFO: 2025-09-12 22:51:59,854: log_options() 'quotes_disabled_sources = ['Urban Dictionary']'
INFO: 2025-09-12 22:51:59,854: log_options() 'quotes_enabled = False'
INFO: 2025-09-12 22:51:59,854: log_options() 'quotes_favorites_file = /home/ted/.config/variety/favorite_quotes.txt'
INFO: 2025-09-12 22:51:59,854: log_options() 'quotes_font = Serif 30'
INFO: 2025-09-12 22:51:59,854: log_options() 'quotes_hpos = 100'
INFO: 2025-09-12 22:51:59,854: log_options() 'quotes_max_length = 250'
INFO: 2025-09-12 22:51:59,854: log_options() 'quotes_tags = '
INFO: 2025-09-12 22:51:59,854: log_options() 'quotes_text_color = [255, 255, 255]'
INFO: 2025-09-12 22:51:59,854: log_options() 'quotes_text_shadow = False'
INFO: 2025-09-12 22:51:59,854: log_options() 'quotes_vpos = 40'
INFO: 2025-09-12 22:51:59,854: log_options() 'quotes_width = 70'
INFO: 2025-09-12 22:51:59,854: log_options() 'safe_mode = False'
INFO: 2025-09-12 22:51:59,854: log_options() 'set_wallpaper_script = /home/ted/.config/variety/scripts/set_wallpaper'
INFO: 2025-09-12 22:51:59,854: log_options() 'slideshow_custom_enabled = False'
INFO: 2025-09-12 22:51:59,854: log_options() 'slideshow_custom_folder = /home/ted/Pictures'
INFO: 2025-09-12 22:51:59,854: log_options() 'slideshow_downloads_enabled = False'
INFO: 2025-09-12 22:51:59,854: log_options() 'slideshow_fade = 0.4'
INFO: 2025-09-12 22:51:59,854: log_options() 'slideshow_favorites_enabled = True'
INFO: 2025-09-12 22:51:59,854: log_options() 'slideshow_mode = Fullscreen'
INFO: 2025-09-12 22:51:59,854: log_options() 'slideshow_monitor = All'
INFO: 2025-09-12 22:51:59,854: log_options() 'slideshow_pan = 0.05'
INFO: 2025-09-12 22:51:59,854: log_options() 'slideshow_seconds = 6.0'
INFO: 2025-09-12 22:51:59,854: log_options() 'slideshow_sort_order = Random'
INFO: 2025-09-12 22:51:59,854: log_options() 'slideshow_sources_enabled = True'
INFO: 2025-09-12 22:51:59,854: log_options() 'slideshow_zoom = 0.2'
INFO: 2025-09-12 22:51:59,854: log_options() 'smart_enabled = False'
INFO: 2025-09-12 22:51:59,854: log_options() 'smart_notice_shown = False'
INFO: 2025-09-12 22:51:59,854: log_options() 'smart_register_shown = False'
INFO: 2025-09-12 22:51:59,854: log_options() 'sources = [[False, 'favorites', 'The Favorites folder'], [False, 'fetched', 'The Fetched folder'], [False, 'folder', '/usr/share/backgrounds'], [False, 'flickr', 'user:www.flickr.com/photos/peter-levi/;user_id:93647178@N00;'], [False, 'apod', "NASA's Astronomy Picture of the Day"], [False, 'bing', 'Bing Photo of the Day'], [False, 'earthview', 'Google Earth View Wallpapers'], [False, 'natgeo', "National Geographic's photo of the day"], [False, 'unsplash', 'High-resolution photos from Unsplash.com'], [False, 'unsplash-search', 'video game']]'
INFO: 2025-09-12 22:51:59,854: set_visible() 'Showing status icon'
INFO: 2025-09-12 22:51:59,854: log_options() 'stats_enabled = True'
INFO: 2025-09-12 22:51:59,854: log_options() 'stats_notice_shown = False'
INFO: 2025-09-12 22:51:59,854: log_options() 'sync_enabled = True'
INFO: 2025-09-12 22:51:59,854: log_options() 'use_landscape_enabled = True'
INFO: 2025-09-12 22:51:59,854: log_options() 'wallhaven_api_key = '
INFO: 2025-09-12 22:51:59,854: log_options() 'wallpaper_auto_rotate = False'
INFO: 2025-09-12 22:51:59,854: log_options() 'wallpaper_display_mode = os'
INFO: 2025-09-12 22:51:59,854: clear_prepared_queue() 'Clearing prepared queue'
INFO: 2025-09-12 22:51:59,854: update_indicator() 'Setting file info to: /home/ted/.config/variety/Downloaded/Unsplash/photo-1755895926335-a113232e064f.jpg'
INFO: 2025-09-12 22:51:59,855: set_from_theme_icon() 'Showing status icon variety-indicator from GTK theme'
INFO: 2025-09-12 22:51:59,855: prepare_thread() 'Prepared buffer contains 0 images'
INFO: 2025-09-12 22:51:59,855: prepare_thread() 'Preparing some images'
INFO: 2025-09-12 22:51:59,855: prepare_thread() 'After search prepared buffer contains 0 images'
INFO: 2025-09-12 22:51:59,855: list_files() 'More than 1 files in the folders, stop listing'
INFO: 2025-09-12 22:51:59,856: prepare_thread() 'Prepared buffer contains 0 images'
INFO: 2025-09-12 22:51:59,856: prepare_thread() 'Preparing some images'
INFO: 2025-09-12 22:51:59,856: prepare_thread() 'After search prepared buffer contains 0 images'
INFO: 2025-09-12 22:51:59,956: do_set_wp() 'Calling do_set_wp with /home/ted/.config/variety/Downloaded/Unsplash/photo-1755895926335-a113232e064f.jpg, time: 1757739119.9561648'
INFO: 2025-09-12 22:51:59,964: update_indicator() 'Setting file info to: /home/ted/.config/variety/Downloaded/Unsplash/photo-1755895926335-a113232e064f.jpg'
INFO: 2025-09-12 22:51:59,965: list_files() 'More than 1 files in the folders, stop listing'
INFO: 2025-09-12 22:52:00,384: apply() 'Applying preferences'
INFO: 2025-09-12 22:52:00,387: set_visible() 'Showing status icon'
INFO: 2025-09-12 22:52:00,387: log_options() 'Loaded options:'
INFO: 2025-09-12 22:52:00,388: log_options() 'change_enabled = True'
INFO: 2025-09-12 22:52:00,388: log_options() 'change_interval = 86400'
INFO: 2025-09-12 22:52:00,388: log_options() 'change_on_start = True'
INFO: 2025-09-12 22:52:00,388: log_options() 'clipboard_enabled = False'
INFO: 2025-09-12 22:52:00,388: log_options() 'clipboard_hosts = ['wallhaven.cc', 'wallpapers.net', 'flickr.com', 'imgur.com', 'deviantart.com', 'interfacelift.com', 'vladstudio.com', 'imageshack.us', 'deviantart.net', 'imageshack.com']'
INFO: 2025-09-12 22:52:00,388: log_options() 'clipboard_use_whitelist = True'
INFO: 2025-09-12 22:52:00,388: log_options() 'clock_date_font = Serif 30'
INFO: 2025-09-12 22:52:00,388: log_options() 'clock_enabled = False'
INFO: 2025-09-12 22:52:00,388: log_options() 'clock_filter = -density 100 -font `fc-match -f '%{file[0]}' '%CLOCK_FONT_NAME'` -pointsize %CLOCK_FONT_SIZE -gravity SouthEast -fill '#00000044' -annotate 0x0+[%HOFFSET+58]+[%VOFFSET+108] '%H:%M' -fill white -annotate 0x0+[%HOFFSET+60]+[%VOFFSET+110] '%H:%M' -font `fc-match -f '%{file[0]}' '%DATE_FONT_NAME'` -pointsize %DATE_FONT_SIZE -fill '#00000044' -annotate 0x0+[%HOFFSET+58]+[%VOFFSET+58] '%A, %B %d' -fill white -annotate 0x0+[%HOFFSET+60]+[%VOFFSET+60] '%A, %B %d''
INFO: 2025-09-12 22:52:00,388: log_options() 'clock_font = Serif 70'
INFO: 2025-09-12 22:52:00,388: log_options() 'configfile = /home/ted/.config/variety/variety.conf'
INFO: 2025-09-12 22:52:00,388: log_options() 'copyto_enabled = False'
INFO: 2025-09-12 22:52:00,388: log_options() 'copyto_folder = Default'
INFO: 2025-09-12 22:52:00,388: log_options() 'desired_color = [160, 160, 160]'
INFO: 2025-09-12 22:52:00,388: log_options() 'desired_color_enabled = False'
INFO: 2025-09-12 22:52:00,388: log_options() 'download_folder = /home/ted/.config/variety/Downloaded'
INFO: 2025-09-12 22:52:00,388: log_options() 'download_preference_ratio = 0.9'
INFO: 2025-09-12 22:52:00,388: log_options() 'favorites_folder = /home/ted/.config/variety/Favorites'
INFO: 2025-09-12 22:52:00,388: log_options() 'favorites_operations = [['Downloaded', 'Copy'], ['Fetched', 'Move'], ['Others', 'Copy']]'
INFO: 2025-09-12 22:52:00,388: log_options() 'fetched_folder = /home/ted/.config/variety/Fetched'
INFO: 2025-09-12 22:52:00,388: log_options() 'filters = [[False, 'Keep original', ''], [False, 'Grayscale', '-type Grayscale'], [False, 'Heavy blur', '-scale 20% -blur 0x10 -resize 500%'], [False, 'Soft blur', '-scale 20% -blur 0x2 -resize 500%'], [False, 'Oil painting', '-paint 8'], [False, 'Pointilism', '-spread 10 -noise 3'], [False, 'Pixellate', '-scale 3% -scale 3333%']]'
INFO: 2025-09-12 22:52:00,388: log_options() 'get_wallpaper_script = /home/ted/.config/variety/scripts/get_wallpaper'
INFO: 2025-09-12 22:52:00,388: set_from_theme_icon() 'Showing status icon variety-indicator from GTK theme'
INFO: 2025-09-12 22:52:00,388: log_options() 'icon = Light'
INFO: 2025-09-12 22:52:00,388: log_options() 'internet_enabled = True'
INFO: 2025-09-12 22:52:00,388: log_options() 'lightness_enabled = False'
INFO: 2025-09-12 22:52:00,388: log_options() 'lightness_mode = 0'
INFO: 2025-09-12 22:52:00,388: log_options() 'min_rating = 4'
INFO: 2025-09-12 22:52:00,388: log_options() 'min_rating_enabled = False'
INFO: 2025-09-12 22:52:00,388: log_options() 'min_size = 80'
INFO: 2025-09-12 22:52:00,388: log_options() 'min_size_enabled = False'
INFO: 2025-09-12 22:52:00,388: log_options() 'name_regex = .*'
INFO: 2025-09-12 22:52:00,388: log_options() 'name_regex_enabled = False'
INFO: 2025-09-12 22:52:00,388: log_options() 'quota_enabled = True'
INFO: 2025-09-12 22:52:00,388: log_options() 'quota_size = 1000'
INFO: 2025-09-12 22:52:00,388: log_options() 'quotes_authors = '
INFO: 2025-09-12 22:52:00,388: log_options() 'quotes_bg_color = [80, 80, 80]'
INFO: 2025-09-12 22:52:00,388: log_options() 'quotes_bg_opacity = 55'
INFO: 2025-09-12 22:52:00,388: log_options() 'quotes_change_enabled = False'
INFO: 2025-09-12 22:52:00,388: log_options() 'quotes_change_interval = 300'
INFO: 2025-09-12 22:52:00,388: log_options() 'quotes_disabled_sources = ['Urban Dictionary']'
INFO: 2025-09-12 22:52:00,388: log_options() 'quotes_enabled = False'
INFO: 2025-09-12 22:52:00,388: log_options() 'quotes_favorites_file = /home/ted/.config/variety/favorite_quotes.txt'
INFO: 2025-09-12 22:52:00,388: log_options() 'quotes_font = Serif 30'
INFO: 2025-09-12 22:52:00,388: log_options() 'quotes_hpos = 100'
INFO: 2025-09-12 22:52:00,388: log_options() 'quotes_max_length = 250'
INFO: 2025-09-12 22:52:00,388: log_options() 'quotes_tags = '
INFO: 2025-09-12 22:52:00,388: log_options() 'quotes_text_color = [255, 255, 255]'
INFO: 2025-09-12 22:52:00,388: log_options() 'quotes_text_shadow = False'
INFO: 2025-09-12 22:52:00,389: log_options() 'quotes_vpos = 40'
INFO: 2025-09-12 22:52:00,389: log_options() 'quotes_width = 70'
INFO: 2025-09-12 22:52:00,389: log_options() 'safe_mode = False'
INFO: 2025-09-12 22:52:00,389: log_options() 'set_wallpaper_script = /home/ted/.config/variety/scripts/set_wallpaper'
INFO: 2025-09-12 22:52:00,389: log_options() 'slideshow_custom_enabled = False'
INFO: 2025-09-12 22:52:00,389: log_options() 'slideshow_custom_folder = /home/ted/Pictures'
INFO: 2025-09-12 22:52:00,389: log_options() 'slideshow_downloads_enabled = False'
INFO: 2025-09-12 22:52:00,389: log_options() 'slideshow_fade = 0.4'
INFO: 2025-09-12 22:52:00,389: log_options() 'slideshow_favorites_enabled = True'
INFO: 2025-09-12 22:52:00,389: log_options() 'slideshow_mode = Fullscreen'
INFO: 2025-09-12 22:52:00,389: log_options() 'slideshow_monitor = All'
INFO: 2025-09-12 22:52:00,389: log_options() 'slideshow_pan = 0.05'
INFO: 2025-09-12 22:52:00,389: log_options() 'slideshow_seconds = 6.0'
INFO: 2025-09-12 22:52:00,389: log_options() 'slideshow_sort_order = Random'
INFO: 2025-09-12 22:52:00,389: log_options() 'slideshow_sources_enabled = True'
INFO: 2025-09-12 22:52:00,389: log_options() 'slideshow_zoom = 0.2'
INFO: 2025-09-12 22:52:00,389: log_options() 'smart_enabled = False'
INFO: 2025-09-12 22:52:00,389: log_options() 'smart_notice_shown = False'
INFO: 2025-09-12 22:52:00,389: log_options() 'smart_register_shown = False'
INFO: 2025-09-12 22:52:00,389: log_options() 'sources = [[False, 'favorites', 'The Favorites folder'], [False, 'fetched', 'The Fetched folder'], [True, 'folder', '/usr/share/backgrounds'], [False, 'flickr', 'user:www.flickr.com/photos/peter-levi/;user_id:93647178@N00;'], [False, 'apod', "NASA's Astronomy Picture of the Day"], [False, 'bing', 'Bing Photo of the Day'], [False, 'earthview', 'Google Earth View Wallpapers'], [False, 'natgeo', "National Geographic's photo of the day"], [False, 'unsplash', 'High-resolution photos from Unsplash.com'], [False, 'unsplash-search', 'video game']]'
INFO: 2025-09-12 22:52:00,389: log_options() 'stats_enabled = True'
INFO: 2025-09-12 22:52:00,389: log_options() 'stats_notice_shown = False'
INFO: 2025-09-12 22:52:00,389: log_options() 'sync_enabled = True'
INFO: 2025-09-12 22:52:00,389: log_options() 'use_landscape_enabled = True'
INFO: 2025-09-12 22:52:00,389: log_options() 'wallhaven_api_key = '
INFO: 2025-09-12 22:52:00,389: log_options() 'wallpaper_auto_rotate = False'
INFO: 2025-09-12 22:52:00,389: log_options() 'wallpaper_display_mode = os'
INFO: 2025-09-12 22:52:00,389: clear_prepared_queue() 'Clearing prepared queue'
INFO: 2025-09-12 22:52:00,389: update_indicator() 'Setting file info to: /home/ted/.config/variety/Downloaded/Unsplash/photo-1755895926335-a113232e064f.jpg'
INFO: 2025-09-12 22:52:00,389: prepare_thread() 'Prepared buffer contains 0 images'
INFO: 2025-09-12 22:52:00,389: prepare_thread() 'Preparing some images'
INFO: 2025-09-12 22:52:00,389: prepare_thread() 'After search prepared buffer contains 0 images'
INFO: 2025-09-12 22:52:00,390: list_files() 'More than 1 files in the folders, stop listing'
INFO: 2025-09-12 22:52:00,390: prepare_thread() 'Prepared buffer contains 0 images'
INFO: 2025-09-12 22:52:00,390: prepare_thread() 'Preparing some images'
INFO: 2025-09-12 22:52:00,390: prepare_thread() 'After search prepared buffer contains 0 images'
INFO: 2025-09-12 22:52:00,956: do_set_wp() 'Calling do_set_wp with /home/ted/.config/variety/Downloaded/Unsplash/photo-1755895926335-a113232e064f.jpg, time: 1757739120.9563167'
INFO: 2025-09-12 22:52:00,964: update_indicator() 'Setting file info to: /home/ted/.config/variety/Downloaded/Unsplash/photo-1755895926335-a113232e064f.jpg'
INFO: 2025-09-12 22:52:00,964: list_files() 'More than 1 files in the folders, stop listing'
INFO: 2025-09-12 22:52:01,855: trigger_download() 'Triggering download thread to check if download needed and possible'
INFO: 2025-09-12 22:52:01,856: trigger_download() 'Triggering download thread to check if download needed and possible'
INFO: 2025-09-12 22:52:02,389: trigger_download() 'Triggering download thread to check if download needed and possible'
INFO: 2025-09-12 22:52:02,391: trigger_download() 'Triggering download thread to check if download needed and possible'
